Nama Barang;Satuan;Harga;Berat (gram)
Acco Besi No. 0946 Merk Sdi;Pak;33000;
Acco Plastik Merk Acco;Pak;14500;
Acco Plastik Merk Joyko;Pak;8500;
Acco Plastik Merk Vtec;Pak;8499;
Acryclic Uk. A4;Pcs;57000;
Acryclic Uk. A5 ;Pcs;45000;
Air Mineral 200ml Gelas @48 Merk Vit;Dus;24500;
Air Mineral 330ml Botol Merk Vit;Dus;34500;
Air Mineral Botol 1500ml Merk Aqua;Dus;60500;
Air Mineral Botol 330ml Merk Aqua;Dus;43000;
Air Mineral Botol 600ml Merk Aqua;Dus;52000;
Air Mineral Gelas 200/ 220ml Merk Aqua;Dus;38500;
Air Minum Le Mineral 330ml;Dus;48000;
Paper Shredder ET 096 ;Pcs;4425000;
Alkohol 70% 100 ml;Pcs;8500;
Alumunium Foil (Jumbo) 8m x 45cm - Klinpak;Pcs;48000;
Amplop (Putih) uk. Folio - Neuro;Pak;68000;
Amplop Coklat (Kraft) F4 Merk Airmail;Pak;58500;
Amplop Coklat 1/2 Folio - Brio;Pak;28500;
Amplop Coklat 1/2 Folio - Garda;Pak;37500;
Amplop Coklat 1/2 Folio - Neuro;Pak;29000;
Amplop Coklat 1/2 Folio - WPS;Pak;28500;
Amplop Coklat 1/2 Folio - Neuro (Ada Lem);Pak;33000;
Amplop Coklat A3 - Brio;Pak;70000;
Amplop Coklat A3 - Neuro;Pak;78500;
Amplop Coklat A3 - Neuro (Ada Lem);Pak;88000;
Amplop Coklat A3 - WPS;Pak;75000;
Amplop Coklat A4 - Brio;Pak;31000;
Amplop Coklat A4 - Garda;Pak;40000;
Amplop Coklat A4 - Neuro;Pak;36000;
Amplop Coklat A4 - Neuro (Ada Lem);Pak;44000;
Drum DR-269CL 4PK;Set;2250000;
Amplop Coklat A4 Merk WPS;Pak;35000;
Amplop Coklat Cabinet - Brio;Pak;14500;
Amplop Coklat Cabinet - Garda;Pak;19000;
Amplop Coklat Cabinet - Neuro;Pak;16000;
Amplop Coklat Cabinet - Neuro (Ada Lem);Pak;22000;
Amplop Coklat Cabinet Merk WPS;Pak;15000;
Amplop Coklat Double Folio - Garda;Pak;104000;
Amplop Coklat F4 Tali Merk Neuro;Pak;42000;
Amplop Coklat Folio - Brio;Pak;31500;
Amplop Coklat Folio - Brio (Ada Lem);Pak;45000;
Amplop Coklat Folio - Garda;Pak;41000;
Amplop Coklat Folio - Neuro;Pak;37000;
Amplop Coklat Folio - Neuro (Ada Lem);Pak;46000;
Amplop Coklat Folio - WPS;Pak;35500;
Amplop Coklat Folio Merk Executive;Pak;31500;
Amplop Coklat Map - Neuro;Pak;56000;
Amplop Coklat Quarto - Neuro;Pak;32000;
Amplop Coklat Super Cabinet - Brio;Pak;22000;
Amplop Coklat Super Cabinet - Neuro;Pak;22500;
Amplop Coklat Super Cabinet - Neuro (Ada Lem);Pak;28000;
Amplop Coklat Super Cabinet Merk WPS;Pak;22000;
Amplop Coklat Super Map - Brio;Pak;54000;
Amplop Coklat Super Map - Neuro;Pak;61000;
Amplop Coklat Super Map - Neuro (Ada Lem);Pak;69000;
Amplop Coklat 125gr (310) 25 x 35 (Seal) - Kiky;Pak;12000;
Amplop Putih No. 104 - Paperline;Pak;15500;
Amplop Putih No. 104 (Airmail) - Paperline;Pak;16500;
Amplop Putih No. 110 - Paperline;Pak;18500;
Amplop Putih No. 90 - Paperline;Pak;21000;
Amplop Putih No. 90 (Airmail) - Paperline;Pak;21500;
Amplop Putih No. 90 (Jendela Kiri) - JPlus;Pak;40500;
Bak Stample Besar 1460 - Hero;Pcs;13500;
Bak Stample No. 0 - Artline;Pcs;28000;
Bak Stample No. 0 - Joyko;Pcs;5500;
Bak Stample No. 00 - Joyko;Pcs;5500;
Bak Stample No. 1 - Artline;Pcs;30000;
Bak Stample No. 1 - Joyko;Pcs;6500;
Bak Stample No. 1 - Kenko;Pcs;6500;
Bak Stample No. 2 - Artline;Pcs;56000;
Bak Stempel No. 0 - Kenko;Pcs;6000;
Bak Stempel No. 2 - Joyko;Pcs;13500;
Ballpoint (Hitam) Batik;Lusin;30000;
Ballpoint 105 Uniball Biru - Boxy;Pcs;8000;
Ballpoint 105 Uniball Hitam - Boxy;Pcs;8000;
Ballpoint 105 Uniball Merah - Boxy;Pcs;8000;
Ballpoint 3 Warna BP-199 Trico Merk Joyko;Pcs;4500;
Ballpoint 4 Warna - Zebra;Pcs;11000;
Ballpoint 4 Warna BP-213 Merk Joyko;Pcs;5500;
Ballpoint 4 Warna BP-288  0,7mm Merk Joyko;Pcs;5500;
Ballpoint 6 Warna BP-236 Sito Merk Joyko;Pcs;7500;
Ballpoint AE7 Biru - Standard;Pcs;1500;
Ballpoint AE7 Hitam - Standard;Pcs;1500;
Ballpoint AE7 Merah - Standard;Pcs;1500;
Ballpoint Balliner Biru Merk Pilot;Pcs;15000;
Ballpoint Balliner Hijau Merk Pilot;Pcs;15000;
Ballpoint Balliner Hitam Merk Pilot;Pcs;15000;
Ballpoint Balliner Merah Merk Pilot;Pcs;15000;
Ballpoint B-Gel 0,7 Biru - Standard;Pcs;6500;
Ballpoint B-Gel 0,7 Hitam - Standard;Pcs;6500;
Ballpoint Blive (Biru) Merk Standard;Pcs;3000;
Ballpoint Blive (Hitam) Merk Standard;Pcs;3000;
Ballpoint BP-338 Vocus (Biru) - Joyko;Pcs;1250;
Ballpoint BP-338 Vocus (Hitam) - Joyko;Pcs;1250;
Ballpoint BP-338 Vocus (Merah) - Joyko;Pcs;1250;
Ballpoint BP-349-12 Vocus Trans (Hitam) Merk Joyko;Pcs;1250;
Ballpoint BP-56 (Biru) - Joyko;Pcs;1450;
Ballpoint BP-56 (Hitam) - Joyko;Pcs;1450;
Ballpoint BP-56 (Merah) - Joyko;Pcs;1450;
Ballpoint BPTP Biru - Pilot;Pcs;1750;
Ballpoint BPTP Hitam - Pilot;Pcs;1750;
Ballpoint BPTP Merah - Pilot;Pcs;1750;
Ballpoint C 6000 (Queen) Hitam - Faster;Pcs;1125;
Ballpoint C6 Biru - Faster;Pcs;2750;
Ballpoint C6 Hitam - Faster;Pcs;2750;
Ballpoint C600 Biru - Faster;Pcs;2000;
Ballpoint C600 Hitam - Faster;Pcs;2000;
Ballpoint C600 Merah - Faster;Pcs;2000;
Ballpoint Crystal V 7 (Biru) Merk Snowman;Pcs;1800;
Ballpoint Crystal V 7 (Hitam) Merk Snowman;Pcs;1800;
Ballpoint Easy Gel (Biru) Merk Kenko;Pcs;2300;
Ballpoint Easy Gel (Hitam) Merk Kenko;Pcs;2300;
Ballpoint Easy Gel (Merah) Merk Kenko;Pcs;2300;
Ballpoint F2 Biru Merk Standard;Pcs;7500;
Ballpoint F2 Hitam Merk Standard;Pcs;7500;
Ballpoint Frixion 0,5 (Biru) - Pilot;Pcs;21000;
Ballpoint Frixion 0,5 (Hijau) - Pilot;Pcs;21000;
Ballpoint Frixion 0,5 (Hitam) - Pilot;Pcs;21000;
Ballpoint Frixion 0,5 (Merah) - Pilot;Pcs;21000;
Ballpoint Frixion 0,5 (Ungu) - Pilot;Pcs;21000;
Ballpoint Frixion 0,7 (Biru) - Pilot;Pcs;21000;
Ballpoint Frixion 0,7 (Hitam) - Pilot;Pcs;21000;
Ballpoint Frixion 0,7 (Merah) - Pilot;Pcs;21000;
Ballpoint G-2 07 Biru - Pilot;Pcs;14500;
Ballpoint G-2 07 Hitam - Pilot;Pcs;14500;
Ballpoint Gel (Erasable) GP-333 Hitam Merk Joyko;Pcs;3000;
Ballpoint Gel JK 100 0,5 (Biru) - Joyko;Pcs;2000;
Ballpoint Gel JK 100 0,5 (Hitam) - Joyko;Pcs;2000;
Ballpoint Gel JK 100 0,5 (Merah) - Joyko;Pcs;2000;
Ballpoint Gel K-1 (Biru) Kenko;Pcs;2300;
Ballpoint Gel K-1 (Hitam) Kenko;Pcs;2300;
Ballpoint Gel K-1 (Orange) Kenko;Pcs;2500;
Ballpoint Gel KE 100 (Biru) - Kenko;Pcs;2500;
Ballpoint Gel KE 100 (Hitam) - Kenko;Pcs;2500;
Ballpoint Gell GP 265 Biru Merk Joyko;Pcs;2300;
Ballpoint Gell GP 265 Hitam Merk Joyko;Pcs;2300;
Ballpoint Gell GP 265 Merah Merk Joyko;Pcs;2300;
Ballpoint Gell GP 330 Biru Merk Joyko;Pcs;1125;
Ballpoint Gell GP 330 Hitam Merk Joyko;Pcs;1125;
Ballpoint GP-439ER (Erasable) 0,5 Hitam - Joyko (Minimal Order 12 Lusin);Lusin;32500;
Ballpoint Greebel Technoline 0,5 Biru 12 + 1;Pcs;1300;
Ballpoint Greebel Technoline 0,5 Hitam 12 + 1;Pcs;1300;
Ballpoint Kokoro Gel (Biru) - Zebra;Pcs;6000;
Ballpoint Kokoro Gel (Hitam) - Zebra;Pcs;6000;
Ballpoint Kokoro Gel (Merah) - Zebra;Pcs;6000;
Ballpoint NK 7B (Biru) - Kenko;Pcs;1250;
Ballpoint NK 7B (Hitam) - Kenko;Pcs;1250;
Ballpoint NK 7B (Merah) - Kenko;Pcs;1250;
Ballpoint Piccolo (Biru) Merk Zebra;Pcs;1500;
Ballpoint Piccolo (Hitam) Merk Zebra;Pcs;1500;
Ballpoint Piccolo (Merah) Merk Zebra;Pcs;1500;
Ballpoint PSBP 150 Hitam Tempel - Joyko;Pcs;5500;
Ballpoint PSBP 177 Hitam Tempel - Joyko;Pcs;5500;
Ballpoint SG-1 (Biru) - Artline;Pcs;1800;
Ballpoint SG-1 (Hitam) - Artline;Pcs;1800;
Ballpoint Tecno (Biru) - Standard;Pcs;1800;
Ballpoint Tecno (Hitam) - Standard;Pcs;1800;
Ballpoint Tecno (Merah) - Standard;Pcs;1800;
Ballpoint V 5 (Biru) Merk Snowman;Pcs;2850;
Ballpoint V 5 (Merah) Merk Snowman;Pcs;2850;
Ballpoint V1 Biru - Snowman;Pcs;1750;
Ballpoint V1 Hitam - Snowman;Pcs;1750;
Ballpoint V1 Merah - Snowman;Pcs;1750;
Ballpoint V2 Biru - Snowman;Pcs;1875;
Ballpoint V2 Hitam - Snowman;Pcs;1875;
Ballpoint V2 Merah - Snowman;Pcs;1875;
Ballpoint V-5 (Hitam) Merk Snowman;Pcs;2850;
Ballpoint Zebra Sarasa 0,5 (Biru Muda);Pcs;14500;
Ballpoint Zebra Sarasa 0,5 (Biru);Pcs;14500;
Ballpoint Zebra Sarasa 0,5 (Coklat);Pcs;14500;
Ballpoint Zebra Sarasa 0,5 (Hijau);Pcs;14500;
Ballpoint Zebra Sarasa 0,5 (Hitam);Pcs;14500;
Ballpoint Zebra Sarasa 0,5 (Merah);Pcs;14500;
Ballpoint Zebra Sarasa 0,5 (Pink);Pcs;14500;
Ballpoint Zebra Sarasa 0,5 (Ungu);Pcs;14500;
Ballpoint Zebra Sarasa 0,7 (Biru Tua);Pcs;14500;
Ballpoint Zebra Sarasa 0,7 (Biru);Pcs;14500;
Ballpoint Zebra Sarasa 0,7 (Coklat);Pcs;14500;
Ballpoint Zebra Sarasa 0,7 (Hijau);Pcs;14500;
Ballpoint Zebra Sarasa 0,7 (Hitam);Pcs;14500;
Ballpoint Zebra Sarasa 0,7 (Merah);Pcs;14500;
Ballpoint Zebra Sarasa 0,7 (Ungu);Pcs;14500;
Ballpoint Zebra Sarasa 1,0 (Biru);Pcs;14500;
Ballpoint Zebra Sarasa 1,0 (Hitam);Pcs;14500;
Ballpoint Zebra Sarasa 1,0 (Merah);Pcs;14500;
Bambi 1010 - 01 (Biru);Pcs;29000;
Bambi 1010 - 09 (Merah);Pcs;29000;
Bambi 1010 - 10 (Hitam);Pcs;29000;
Bambi 2510 F4;Pak;39500;
Bambi 2610 A4;Pak;32500;
Bantex 8523-07;Pcs;43500;
Bantex 2035/8035 A4 Plastik Pocket;Pak;128000;
Bantex 2035/8035 A4 Plastik Pocket;Pak;128000;
Bantex 2044 F4 Plastik Pocket;Pak;155000;
Bantex 3145 (Clear Holder A4 40 Lbr);Pcs;55000;
Bantex 3147 (Clear Holder A4 60 Lbr);Pcs;65000;
Bantex 3183 (Clear Holder F4 20 Lbr) ;pCS;42000;
Bantex 3185 (Clear Holder F4 40 Lbr);Pcs;65000;
Bantex 3187 (Clear Holder F4 60 Lbr);Pcs;84000;
Bantex 3260 Duraclip A4;Pcs;12500;
Bantex 4010-01 Magazine File A4 7 Cm Blue;Pcs;33000;
Bantex 4010-10 Magazine File A4 7 Cm Black;Pcs;33000;
Bantex 6010 (Penyekat Polos Warna) Plastik;Set;20000;
Bantex 6043-00  (A-Z);Set;24000;
Bantex 6050 (Penyekat Polos Warna);Set;11500;
Bantex 6051 (Penyekat File 1 - 12);Set;15000;
Bantex 6052 (No. 1 - 31);Set;35000;
Bantex 6059 (Januari - Desember);Set;15000;
Bantex 8044/2044 F4 @100 Plastik Pocket;Pak;155000;
Bantex 8552-07 (2D - 52 mm);Pcs;50000;
Battery 23A - Energizer;Pcs;18000;
Battery 9 Volt - ABC (9V-CZ-1S);Pcs;12000;
Battery 9 Volt - Alkaline (9V-ALK-1B);Pcs;33000;
Battery 9 Volt - Energizer;Pcs;33000;
Battery A76 - Energizer @2;Set;8000;
Battery AA - Alkaline (LR6-ALK-2B);Pcs;6750;
Battery AA - Alkaline @Isi 6 (LR6-ALK-4B+2);Set;28000;
Battery AA - Alkaline @isi 8;Set;39000;
Battery AA @ Isi 3 - Energizer;Set;18500;
Battery AA Charger @2 (2000mAh) - Energizer;Set;86000;
Battery AAA -  Alkaline (LR03-ALK-2B);Pcs;6500;
Battery AAA -  Alkaline @Isi 6 (LR03-ALK-4B+2);Set;26000;
Battery AAA - Alkaline @isi 8;Set;36500;
Battery AAA @ Isi 3 - Energizer;Set;18500;
Battery AAA Charger @2 (700 mAh) - Energizer;Set;66000;
Battery AAA Merk ABC (R03 Biru);Pcs;2750;
Battery AAAA @2 - Energizer;Set;75000;
Battery Bulat U/ Remot CR 2450 N;Pcs;35000;
Battery Calculator CR 2025;Pcs;6000;
Battery Calculator CR 2032;Pcs;6000;
Battery Calculator CR 2430 ;Pcs;26000;
Battery Calculator LR 1130 Maxcell;Pcs;5000;
Battery Calculator LR 41 Merk Maxell;Pcs;5000;
Battery Calculator LR 44;Pcs;5000;
Battery CR 1220;Pcs;18000;
Battery CR 1620;Pcs;12000;
Battery CR 2016 3V;Pcs;6000;
Battery Kecil AA- ABC (R6 BIRU 4S);Pcs;2750;
Battery Renata CR2477;Pcs;42500;
Battery Sedang Size C - Energizer;Pcs;29500;
Battery Size C Sedang - ABC (R14C);Pcs;5500;
Battery Size D Besar - ABC (R20);Pcs;7500;
Battery SR 44;Pcs;40000;
Bayfresh Hang N Go;Pcs;17500;
Bayfresh Reed Diffuser (Refill);Pcs;39500;
Bayfresh Reffil Matic 225ml;Pcs;38500;
Baygon Spray Fresh 600 ml;Pcs;43000;
Benang Jahit 20/6 Karung Polyester @6;Pak;75000;
Bendera K3 Satin 90 x 135;Pcs;80000;
Bendera Merah Putih 120 x 180 (Satin);Pcs;90000;
Bendera Merah Putih Satin 90 x 135;Pcs;110000;
Betadine Botol 15 Ml;Pcs;18500;
Betadine Botol 30 Ml;Pcs;34000;
Binder Clip No. 105 - Joyko;Box;2500;
Binder Clip No. 105 - Kenko;Box;2500;
Binder Clip No. 107 -  Joyko;Box;2750;
Binder Clip No. 107 - Kenko;Box;2800;
Binder Clip No. 111 - Joyko;Box;4250;
Binder Clip No. 111 - Kenko;Box;4300;
Binder Clip No. 155 - Joyko;Box;5750;
Binder Clip No. 155 - Kenko;Box;6100;
Binder Clip No. 200 - Joyko;Box;9750;
Binder Clip No. 200 - Kenko;Box;10800;
Binder Clip No. 260 -  Joyko;Box;14750;
Binder Clip No. 260 - Kenko;Box;16200;
Binder Clip No. 280 -  Joyko;Box;22500;
Binder Clip No. 280 - Kenko;Box;22000;
Binder Clip No. 300 - Joyko;Box;44000;
Binder Clip No. 300 - Kenko;Box;44000;
Binder Clip No. 320 - Joyko;Box;65000;
Binder Note BN-107 Uk. A5 Merk Joyko;Pcs;25500;
Bioplacenton 15 gr;Pcs;30000;
Book N Merk Lion No. 7;Pcs;22000;
Box File 1034B Biru Merk Bindex;Pcs;34500;
Box File 1034B Hitam Merk Bindex;Pcs;34500;
Box File 4011-01 (Biru) Merk Bantex;Pcs;33500;
Box File 4011-05 (Grey) Merk Bantex;Pcs;33500;
Box File 4011-09 (Merah) Merk Bantex;Pcs;33500;
Box File 4011-10 (Hitam) Merk Bantex;Pcs;33500;
Box File 4011-11 (Cobalt Blue) Merk Bantex;Pcs;33500;
Box File 4011-19 (Pink) Merk Bantex;Pcs;33500;
Box File 4011-61 (Grape) Merk Bantex;Pcs;33500;
Box File 4011-65 (Lime) Merk Bantex;Pcs;33500;
Box File 4012 (Biru) A4 Bantex;Pcs;33000;
Box File 4012 (Hitam) A4 Bantex;Pcs;33000;
Box File 4021-01 (Biru) Merk Bantex;Pcs;45000;
Box File Besi 2SAP VT-BF82JR V-Tec;Pcs;85000;
Box File Besi 3SAP VT-BF83JR V-Tec;Pcs;95000;
Box File Bindex 1035 B (Hitam);Pcs;43000;
Box File Biru Merk Gema;Pcs;21000;
Box File Hitam Merk Gema;Pcs;21000;
Box File Keranjang Plastik BT-152 Maspion;Pcs;36000;
Box File Keranjang Plastik V-Tec 101;Pcs;15500;
Box File No. 27 Merk Star;Pcs;13000;
Buku Absen ;Pcs;3000;
Buku Agenda A5 - Butterfly;Pcs;36000;
Buku Agenda Pocket A6;Pcs;27500;
Buku Bank Folio;Pcs;11000;
Buku Bank Kwarto ;Pcs;7500;
Buku Baster 100 Lmb - Bintang Obor;Pcs;13500;
Buku Block Note A5 - Paperline;Pcs;4000;
Buku Block Note Kecil No.5 - Tiara;Pcs;2500;
Buku Double Folio 100 Lmb - Bintang Obor;Pcs;35000;
Buku Expedisi 100 (isi 80 lbr) - Ria;Pcs;8000;
Buku Expedisi 100 Lmb - Bintang Obor;Pcs;8500;
Buku Expedisi 100 Lmb - Garda;Pcs;9000;
Buku Expedisi 100 Lmb - Kiky;Pcs;12000;
Buku Expedisi 100 Lmb - Paperline;Pcs;9000;
Buku Expedisi 200 Lmb - Bintang Obor;Pcs;18500;
Buku Faktur 3 Ply - Paperline;Pcs;9800;
Buku Folio 100 (isi 80 lbr) - Ria;Pcs;14000;
Buku Folio 100 Lmb - Bintang Obor;Pcs;15000;
Buku Folio 100 Lmb - Garda;Pcs;17500;
Buku Folio 100 Lmb - Kiky;Pcs;22000;
Buku Folio 100 Lmb - Paperline;Pcs;17500;
Buku Folio 200 (isi 160 lbr) - Ria;Pcs;28000;
Buku Folio 200 Lmb - Bintang Obor;Pcs;37000;
Buku Folio 200 Lmb - Kiky;Pcs;42000;
Buku Folio 200 Lmb - Paperline;Pcs;31500;
Buku Folio 300 Lmb - Bintang Obor;Pcs;50000;
Buku Folio 500 Lmb - Bintang Obor;Pcs;77000;
Buku Kas Folio Merk R/BM;Pcs;11000;
Buku Kas Kwarto Merk R/BM;Pcs;6000;
Buku Kasbon merk BM/ KNI / PM;Pcs;4500;
Buku Kwarto 100 (isi 80 lbr) - Ria;Pcs;8000;
Buku Kwarto 100 Lmb - Bintang Obor;Pcs;8500;
Buku Kwarto 100 Lmb - Garda;Pcs;9500;
Buku Kwarto 100 Lmb - Paperline;Pcs;9400;
Buku Kwarto 200 (isi 160 lbr) - Ria;Pcs;15500;
Buku Kwarto 200 Lmb - Bintang Obor;Pcs;16500;
Buku Kwarto 200 Lmb - Kiky;Pcs;22000;
Buku Kwarto 200 Lmb - Paperline;Pcs;17000;
Buku Kwitansi Uk. Besar - Paperline;Pcs;4700;
Buku Kwitansi Uk. Kecil - Paperline;Pcs;2200;
Buku Kwitansi Uk. Sedang - Paperline;Pcs;3700;
Buku Nota Kontan 1 Ply Besar - Paperline;Pcs;4000;
Buku Nota Kontan 1 Ply Kecil - Paperline;Pcs;2200;
Buku Nota Kontan 2 Ply Besar - Paperline;Pcs;6300;
Buku Nota Kontan 2 Ply Kecil - Paperline;Pcs;3200;
Buku Nota Kontan 3 Ply Besar - Paperline;Pcs;9500;
Buku Nota Kontan 3 Ply Kecil - Paperline;Pcs;4600;
Buku Oktavo A6 100 Lmb - Paperline;Pcs;5500;
Buku SSP 5 Rangkap;Pcs;20000;
Buku Surat Jalan 3 Ply - Paperline;Pcs;9800;
Buku Tamu A4 - Kiky;Pcs;22000;
Buku Tanda Terima 2 Ply (Berdiri) - R / PM / Brilliant;Pcs;7000;
Buku Tanda Terima 2 Ply (Tidur) - PM;Pcs;5500;
Buku Tulis 100 Lembar - AA / Sidu;Pcs;9500;
Buku Tulis 38 Lembar - SIDU;Pcs;3300;
Buku Tulis 58 Lembar - SIDU;Pcs;4800;
Buku Tulis Big Boss 42 Lmb - Sidu;Pcs;5500;
Buku Tulis Diktat Kuliah 40 Lmb - Kiky;Pcs;9000;
Buku Tulis Favourite Campus 50 Lbr - Bintang Obor;Pcs;5500;
Buku Tulis Maxi 42 Lmb - Sidu;Pcs;5500;
Business File A4 (Biru) Merk Inter X;Pcs;3000;
Business File A4 (Hijau) Merk Inter X;Pcs;3000;
Business File A4 (Hitam) Merk Inter X;Pcs;3000;
Business File A4 (Kuning) Merk Inter X;Pcs;3000;
Business File A4 (Merah) Merk Inter X;Pcs;3000;
Business File A4 (Pink) Merk Inter X;Pcs;3000;
Business File A4 (Putih) Merk Inter X;Pcs;3000;
Business File A4 (Ungu) - Inter X;Pcs;3000;
Business File F4 (Biru) Merk Inter X;Pcs;3200;
Business File F4 (Hijau) Merk Inter X;Pcs;3200;
Business File F4 (Hitam) Merk Inter X;Pcs;3200;
Business File F4 (Kuning) Merk Inter X;Pcs;3200;
Business File F4 (Merah) Merk Inter X;Pcs;3200;
Business File F4 (Pink) Merk Inter X;Pcs;3200;
Business File F4 (Putih) Merk Inter X;Pcs;3200;
Business File F4 (Ungu) Merk Inter X;Pcs;3200;
Bussiness File A4 (Abu-Abu) Merk Daichi;Pcs;4500;
Bussiness File A4 (Biru) Merk Daichi;Pcs;4500;
Bussiness File A4 (Hijau) Merk Daichi;Pcs;4500;
Bussiness File A4 (Kuning) Merk Daichi;Pcs;4500;
Bussiness File A4 (Merah) Merk Daichi;Pcs;4500;
Bussiness File F4 (Abu-Abu) Merk Daichi;Pcs;5000;
Bussiness File F4 (Abu-Abu) Merk Inter X;Pcs;3200;
Bussiness File F4 (Biru) - Daiichi;Pcs;5000;
Bussiness File F4 (Hijau) Merk Daichi;Pcs;5000;
Bussiness File F4 (Kuning) Merk Daichi;Pcs;5000;
Bussiness File F4 (Merah) Merk Daichi;Pcs;5000;
Cable Ties Hitam Uk. 3.6 x 150 mm;Pak;14000;
Cable Ties Hitam Uk. 3.6 x 200 mm;Pak;18000;
Cable Ties Hitam Uk. 3.6 x 300 mm;Pak;22000;
Cable Ties Hitam Uk. 4.8 x 300 mm;Pak;28000;
Cable Ties Hitam Uk. 4.8 x 430 mm;Pak;35000;
Cable Ties Putih Uk. 2.5 x 100 mm;Pak;7000;
Cable Ties Putih Uk. 2.5 x 150 mm;Pak;7000;
Cable Ties Putih Uk. 3.6 x 150 mm;Pak;14000;
Cable Ties Putih Uk. 3.6 x 200 mm;Pak;18000;
Cable Ties Putih Uk. 3.6 x 300 mm;Pak;22000;
Cable Ties Putih Uk. 4.8 x 250 mm;Pak;32000;
Cable Ties Putih Uk. 4.8 x 300 mm;Pak;32000;
Cable Ties Putih Uk. 4.8 x 430 mm;Pak;34000;
Cairan Pemutih 1 Liter Merk Bayclin;Pcs;27000;
Calculator 12 Digit Bantex BD4122;Pcs;56000;
Calculator 12 Digit Bantex BD4312;Pcs;95000;
Calculator 868 Merk Deli;Pcs;80000;
Calculator AS-120V Merk Canon;Pcs;77000;
Calculator Casio DH 12;Pcs;137500;
Calculator Casio DH 14;Pcs;170000;
Calculator Casio DH 16 (16 Digit);Pcs;204000;
Calculator Casio FX 350 ES Plus;Pcs;17000;
Calculator Casio MJ 120 D Plus;Pcs;143000;
Calculator Casio MX 120 B;Pcs;109000;
Calculator Casio MX 12B;Pcs;73000;
Calculator CC 31 (16 Digit) Merk Joyko;Pcs;77000;
Calculator CC-13 (12 Digit) Merk Joyko;Pcs;36000;
Calculator CC-39 - Joyko;Pcs;36000;
Calculator CC-68 - Joyko;Pcs;54000;
Calculator CC-80 CO- Joyko;Pcs;24000;
Calculator CC-810CH (14 Digit) - Joyko;Pcs;85000;
Calculator CC-868 Merk Joyko;Pcs;55000;
Carry Case File 4 Cm CCX 100F - InterX;Pcs;18000;
Carry File 2 Cm Merk InterX;Pcs;15000;
Cartidge Pita Printer LQ 590 Merk Hologram;Pcs;39000;
Cartridge Pita Printer LQ 2180 / 2190 - Printech;Pcs;74000;
Cartridge Pita Printer LQ 2180 / 2190 (SO15531) - Epson;Pcs;199000;
Cartridge Pita Printer LQ 300 (SO15506) - Epson;Pcs;69000;
Cartridge Pita Printer LQ 310 (SO15639) - Epson;Pcs;69000;
Cartridge Pita Printer LX 300 (SO15516) - Epson;Pcs;52000;
Cartridge Pita Printer LX 310 (SO15632) - Epson;Pcs;52000;
Cartridge Pita Printer PLQ 20 Merk Epson;Pcs;580000;
Casing Plastik Name Tag Lapis Tebal;Pcs;2500;
CD RW + Casing Merk Verbatim;Pcs;18000;
CD-R Merk Verbatim @ 50 (pak);Pak;198000;
CD-R Merk Verbatim @ 50 (tabung);Tabung;192500;
Clear Holder A4 20 Lbr Daichi ;Pcs;16500;
Clear Holder A4 20 Lbr Inter X;Pcs;19500;
Clear Holder A4 40 Lbr Daichi ;Pcs;24500;
Clear Holder A4 40 Lbr Inter X;Pcs;29000;
Clear Holder A4 60 Lbr Inter X;Pcs;39500;
Clear Holder A5 20 Lbr Inter X;Pcs;12000;
Clear Holder F4 100 Lbr Felix;Pcs;56000;
Clear Holder F4 100 Lbr Inter X;Pcs;76000;
Clear Holder F4 20 Lbr Daichi ;Pcs;17000;
Clear Holder F4 20 Lbr Felix;Pcs;14500;
Clear Holder F4 20 Lbr Inter X;Pcs;19500;
Clear Holder F4 40 Lbr Daichi;Pcs;22000;
Clear Holder F4 40 Lbr Daichi ;Pcs;26000;
Clear Holder F4 40 Lbr Felix;Pcs;20500;
Clear Holder F4 40 Lbr Inter X;Pcs;29000;
Clear Holder F4 60 Lbr Daichi ;Pcs;34500;
Clear Holder F4 60 Lbr Felix;Pcs;27500;
Clear Holder F4 60 Lbr Inter X;Pcs;39500;
Clip Board Bantex 4211;Pcs;32000;
Clip Board Bantex 4240;Pcs;32000;
Clip Board Bantex 8815;Pcs;16000;
Colokan + Kabel 1,5 Mtr 3 Lubang (1 Switch) ET 726K - Deli;Pcs;69000;
Colokan + Kabel 1,5 Mtr 4 Lubang (1 Switch) ET 727K - Deli;Pcs;80000;
Colokan 3 Lubang (1 Switch) Uticon;Pcs;86000;
Colokan 4 Lubang (1 Switch) Uticon;Pcs;95500;
Colokan T Merk Broco;Pcs;33000;
"Computer Binder 3400 A3 14 7/8 x 11 """;Pcs;59500;
Computer Binder 3401 A4 Bambi;Pcs;45000;
Computer Binder SC-1301 A3 - Joyko;Pcs;55000;
Computer Binder SC-1301-09  A4 - Joyko;Pcs;35000;
Container Berlubang HNT2002 - Hanata;Pcs;100000;
Container Box Shinpo CB 10 SIP 129;Pcs;37000;
Container Box Shinpo CB 25 SIP 133-3;Pcs;73000;
Container Box Shinpo CB 30 SIP110GS;Pcs;53000;
Container Box Shinpo CB 45 SIP 111;Pcs;86000;
Container Box Shinpo CB 60 SIP113;Pcs;125000;
Container Box Shinpo CB 82 SIP 146;Pcs;153000;
Container Box Shinpo CB130 SIP116;Pcs;197000;
Container Box Shinpo CB150 SIP119;Pcs;250000;
Container Box Shinpo CB70 SIP143;Pcs;120000;
"Continous Form 9 1/2 x 12"" 2/2 Ply Warna";Dus;237000;
"Continous Form 9 1/2 x 12"" 6 Ply Warna";Dus;394000;
Continous Form K 2 Ply (Warna) Merk Hi-Print;Dus;271000;
Continous Form K 2/2 Ply (Warna) Merk Hi-Print;Dus;271000;
Continous Form K 3/2 Ply (Warna) Merk Hi-Print;Dus;422000;
Continous Form K 5/2 Ply (Warna) Merk Hi-Print;Dus;367000;
Continous Form K 6 Ply (Warna) Merk Hi-Print;Dus;447000;
"Continuous Form 9 1/2 x 12""  3 Ply (Warna)";Dus;350000;
"Continuous Form 9 1/2 x 12"" (A4) 4 Ply (Warna)";Dus;250000;
"Continuous Form 9 1/2 x 13"" 1Ply /2";Dus;178000;
"Continuous Form 9 1/2 x 13"" 1Ply";Dus;178000;
"Continuous Form 9 1/2 x 13"" 2 Ply (Warna)";Dus;238000;
"Continuous Form 9 1/2 x 13"" 2/2 Ply (Warna)";Dus;238000;
"Continuous Form 9 1/2 x 13"" 3 Ply (Warna)";Dus;357000;
"Continuous Form 9 1/2 x 13"" 3/2 Ply (Warna)";Dus;357000;
"Continuous Form 9 1/2 x 13"" 4 Ply (Warna)";Dus;256000;
"Continuous Form 9 1/2 x 13"" 4/2 Ply (Warna)";Dus;256000;
"Continuous Form 9 1/2 x 13"" 5 Ply (Warna)";Dus;314000;
"Continuous Form 9 1/2 x 13"" 5/2 Ply (Warna)";Box;314000;
"Continuous Form 9 1/2 x 13"" 6 Ply (Warna)";Dus;405000;
"Continuous Form 9 1/2 x 13"" 6/2 Ply (Warna)";Dus;405000;
Continuous Form B 1 Ply - Paperline;Dus;334000;
Continuous Form B 2 Ply (Warna) - Paperline;Dus;515000;
Continuous Form K 1 Ply - Paperline;Dus;213000;
Continuous Form K 1 Ply Merk Go-Print;Dus;108000;
Continuous Form K 1 Ply Merk Neuro;Dus;118000;
Continuous Form K 1/2 Ply - Paperline;Dus;220000;
Continuous Form K 1/2 Ply Merk Go-Print;Dus;108000;
Continuous Form K 1/2 Ply Merk Neuro;Dus;118000;
Continuous Form K 2 Ply (Putih-Putih) - Paperline;Dus;302000;
Continuous Form K 2 Ply (Putih-Putih) Merk Neuro;Dus;168000;
Continuous Form K 2 Ply (Warna) - Paperline;Dus;316000;
Continuous Form K 2 Ply (Warna) Merk Go-Print;Dus;150000;
Continuous Form K 2 Ply (Warna) Merk Neuro;Dus;168000;
Continuous Form K 2 Wartel Merk Neuro;Dus;184000;
Continuous Form K 2/2 Ply (Warna) - Paperline;Dus;323000;
Continuous Form K 2/2 Ply (Warna) Merk Go-Print;Dus;150000;
Continuous Form K 2/2 Ply (Warna) Merk Neuro;Dus;168000;
Continuous Form K 3 Ply (Putih-Putih) Merk Neuro;Dus;254000;
Continuous Form K 3 Ply (Warna) - Paperline;Dus;482000;
Continuous Form K 3 Ply (Warna) Merk Go-Print;Dus;223000;
Continuous Form K 3 Ply (Warna) Merk Neuro;Dus;254000;
Continuous Form K 3 Wartel Merk Neuro;Dus;289000;
Continuous Form K 3/2 Ply (Warna) - Paperline;Dus;497000;
Continuous Form K 3/2 Ply (Warna) Merk Go-Print;Dus;223000;
Continuous Form K 3/2 Ply (Warna) Merk Neuro;Dus;254000;
Continuous Form K 4 Ply (Warna) - Paperline;Dus;337000;
Continuous Form K 4 Ply (Warna) Merk Go-Print;Dus;156000;
Continuous Form K 4 Ply (Warna) Merk Neuro;Dus;180000;
Continuous Form K 4/2 Ply (Putih-Putih) Merk Neuro;Dus;180000;
Continuous Form K 4/2 Ply (Warna) - Paperline;Dus;351000;
Continuous Form K 4/2 Ply (Warna) Merk Go-Print;Dus;156000;
Continuous Form K 4/2 Ply (Warna) Merk Neuro;Dus;180000;
Continuous Form K 5 Ply (Putih-Putih) Merk Neuro;Dus;238000;
Continuous Form K 5 Ply (Warna) - Paperline;Dus;446000;
Continuous Form K 5 Ply (Warna) Merk Go-Print;Dus;197000;
Continuous Form K 5 Ply (Warna) Merk Neuro;Dus;238000;
Continuous Form K 5/2 Ply (Warna) - Paperline;Dus;465000;
Continuous Form K 5/2 Ply (Warna) Merk Go-Print;Dus;197000;
Continuous Form K 5/2 Ply (Warna) Merk Neuro;Dus;238000;
Continuous Form K 6 Ply (Warna) Merk Go-Print;Dus;239000;
Continuous Form K 6 Ply (Warna) Merk Neuro;Dus;319000;
Continuous Form K 6/2 Ply (Warna) Merk Go-Print;Dus;239000;
Continuous Form K 6/2 Ply (Warna) Merk Neuro;Dus;319000;
Corong Minyak (Diameter 15 Cm);Pcs;5000;
Cutter A300 Merk Joyko;Pcs;5500;
Cutter A300 Merk Kenko;Pcs;5500;
Cutter K 200 Merk Kenko;Pcs;5500;
Cutter K200 Merk Joyko;Pcs;5000;
Cutter L500 Merk Joyko;Pcs;12500;
Cutter L500 Merk Kenko;Pcs;13500;
Dahlia Pewangi Gantung 75gr;Pcs;12000;
Dahlia Reed Diffuser Heritage Teh Keraton (DISF610TK);Pcs;49500;
Dahlia Refill Reed Diffuser Heritage Teh Keraton (DISF611TK);Pcs;31000;
Dahlia Spray Teh Keraton 350 ml;Pcs;28000;
Data Bag Map Tali Bening (DCS08FC) - Daiichi;Pcs;8000;
Desk Set DS-0812 Joyko;Pcs;22000;
Desk Set DS-1015 Joyko;Pcs;24000;
Desk Set DS-18 - Joyko ;Pcs;45000;
Desk Set DS-338 Joyko;Pcs;28500;
Detergen 800 Gr Merk Daia;Pcs;23000;
Die Da Yao Jing Antiseptik China 30ml ;Pcs;34500;
Dispenser Air Hot & Normal WD190PH - Miyako;Pcs;200000;
Document Tray DT-63 Joyko;Pcs;190000;
Dompet Giro;Pcs;23000;
Dorongan Air Karet WA077 - Dragon;Pcs;25000;
Double Tape Busa VHB 1/2 (Merah) - 3M;Pcs;35000;
"Double Tape 1"" Merk Daimaru";Roll;5750;
"Double Tape 1"" Merk Joyko";Roll;5500;
"Double Tape 1"" Merk Kenko (core biru)";Roll;6000;
"Double Tape 1"" Merk Kenko (Merah)";Roll;5500;
"Double Tape 1"" Merk Nachi";Roll;6000;
"Double Tape 1/2"" Merk Daimaru";Roll;2800;
"Double Tape 1/2"" Merk Joyko";Roll;2750;
"Double Tape 1/2"" Merk Kenko (core biru)";Roll;3000;
"Double Tape 1/2"" Merk Nachi";Roll;3000;
"Double Tape 1/4"" Merk Joyko";Roll;1750;
"Double Tape 1/4"" Merk Kenko core biru";Roll;2000;
"Double Tape 2"" Merk Daimaru";Roll;10500;
"Double Tape 2"" Merk Joyko";Roll;10000;
"Double Tape 2"" Merk Kenko (core biru)";Roll;11500;
"Double Tape 2"" Merk Nachi";Roll;11500;
"Double Tape Busa 1"" Merk Daimaru";Roll;11000;
"Double Tape Busa 1"" Merk Nachi";Roll;11500;
"Double Tape Busa 1"" Merk Nippon";Roll;11000;
Double Tape Busa 12mm x 1,5m (110-S12) Scotch 3M;Pcs;13500;
Double Tape Busa 25mm x 4mtr 110-M25 - 3M;Roll;58000;
Double Tape Busa Indoor Outdoor 19mm x 1,5m (414-S19) Scotch 3M;Pcs;38000;
"Double Tape Busa PE Foam 1"" Merk 3M";Roll;24500;
"Double Tape Busa PE Foam 2"" Merk 3M";Roll;55000;
"Double Tape Busa VHB 1"" (Merah) - 3M";Pcs;58500;
Double Tape Nano Griptape 30mm x 1m - Alligator;Roll;22000;
Drawing Pen 0,1 (Biru) Snowman;Pcs;8000;
Drawing Pen 0,1 (Hitam) Snowman;Pcs;8000;
Drawing Pen 0,1 (Merah) Snowman;Pcs;8000;
Drawing Pen 0,3 (Biru) Snowman;Pcs;8000;
Drawing Pen 0,3 (Merah) Snowman;Pcs;8000;
Drawing Pen 0,3 Hitam Snowman;Pcs;8000;
Drawing Pen 0,4 (Hitam) Snowman;Pcs;8000;
Drawing Pen 0,5 (Biru) Snowman;Pcs;8000;
Drawing Pen 0,5 Hitam Snowman;Pcs;8000;
Drawing Pen 0,7 (Hitam) Snowman;Pcs;8000;
Drawing Pen 0,8 Hitam Snowman;Pcs;8000;
DVD-R Merk Verbatim @50 (Pak);Pak;220000;
Expanding File (Handle) EF-2638 Joyko;Pcs;45000;
Expanding File A4 EF-7  Joyko;Pcs;60000;
Expanding File Tali F4 - Inter X;Pcs;46000;
Fit File / Clip File (Biru) Merk Inter X;Pcs;7500;
Fit File / Clip File (Hijau) Merk Inter X;Pcs;7500;
Fit File / Clip File (Kuning) Merk Inter X;Pcs;7500;
Fit File / Clip File (Merah) Merk Inter X;Pcs;7500;
Gantungan kunci KR 50 - Kenko;Set;28500;
Gantungan Kunci KR 8 - Joyko;Set;35000;
Gantungan Kunci KR 9 - Joyko;Set;28000;
Garpu Stainless @6 Doll;Pak;47500;
Gayung Plastik NGT-0411 Merk Nagata;Pcs;14000;
Gelas Kaca;Pcs;10500;
Glade Gantung 70 / 80 Gr;Pcs;16000;
Glade Spray 350 Ml;Pcs;33500;
Glossy Photo Paper (Cast Coat) A4 210 Gr @20 - Spectra Color;Pak;20500;
Glossy Photo Paper (Cast Coat) A4 230 Gr @20 - Spectra color;Pak;21500;
Glossy Photo Paper A4 120 Gsm Merk Coral @100;Pak;50500;
Glossy Photo Paper A4 180 Gsm Merk Coral @ 20;Pak;15500;
Glossy Photo Paper A4 210 Gsm Merk Coral @ 20;Pak;17000;
Glossy Photo Paper A4 220 Gsm Double Side Merk Coral @20;Pak;40000;
Glossy Photo Paper A4 230 Gr - Coral @20;Pak;18500;
Glossy Photo Paper A4 230 Gsm Merk Joyko;Pak;17500;
Glue Tag (Tack It 30 Gr) - Faber Castell;Set;17500;
Glue Tag (Tack It 50 Gr) - Faber Castell;Set;20000;
Gula Putih 1kg Rosebrand;Pcs;19600;
Gulavit 1kg;Pcs;21000;
Gunting Besar 848 Merk Joyko;Pcs;10500;
Gunting Besar 848 Merk Kenko;Pcs;10500;
Gunting SC 828 Merk Joyko;Pcs;5500;
Gunting SC-828 - Kenko;Pcs;5500;
Gunting Sedang 838 Merk Joyko;Pcs;7000;
Gunting Sedang 838 Merk Kenko;Pcs;6500;
Hair Cap One Med @100;Pak;50000;
Hand Sanitizer Cair 5 Liter Merk Onemed;Drigen;220000;
Hand Sanitizer Gel 5 Liter Merk Onemed;Drigen;215000;
Hand Soap (cuci tangan) 4 Liter Merk SOS;Drigen;85000;
Handsaplas Plester @ 100;Pak;36000;
Hansaplas Plastik (Transparan) @10;Pak;11000;
Hansaplas Roll 1.25 cm x 5 m / 4.5 mtr;Pcs;15000;
Head Printer G Series Canon BH-7 Black;Pcs;302500;
Head Printer G Series Canon CH-7 Colour;Pcs;370000;
Heavy Duty Punch E0150 Merk Deli;Pcs;975250;
Hemaviton Stamina Plus;Strip;9000;
Hit Spray 600ml;Pcs;42000;
ID Card Bantex 8868;Pcs;16500;
Imboost Tab Amplop @10;Strip;42000;
Indocafe Coffeemix 20 gr @10;Pak;19500;
Insto Reguler 7,5 ML ;Pcs;18500;
Isolasi 1 inci x 72 Merk Daimaru;Roll;5500;
Isolasi 1 inci x 72 Merk Goldtape (Hijau);Roll;4000;
Isolasi 1 inci x 72 Merk Nachi;Roll;7000;
Isolasi 1 inci x 72 Merk Panfix;Roll;36000;
Isolasi 1/2  inci x 10 Merk Panfix;Roll;7000;
Isolasi 1/2 inci x 10 Merk Daimaru;Roll;1000;
Isolasi 1/2 inci x 10 Merk Nachi;Roll;800;
Isolasi 1/2 inci x 36 Merk Panfix;Roll;10500;
Isolasi 1/2 inci x 72 Merk Daimaru;Roll;2750;
Isolasi 1/2 inci x 72 Merk Goldtape (Hijau);Roll;1850;
Isolasi 1/2 inci x 72 Merk Nachi;Roll;4000;
Isolasi 1/2 inci x 72 Merk Panfix;Roll;18000;
Isolasi Listrik 3/4 inci x 30M Nitto;Pcs;9500;
Jam Dinding (Diameter 32cm) Merk Sakana;Pcs;170000;
Jam Dinding 30cm Pioner;Pcs;133000;
Kabel Roll 10 Meter Merk Uticon;Pcs;235000;
Kain Pel Jepit (Biru) MP303 - Dragon;Pcs;59500;
Kain Pel NGT404 - Nagata;Pcs;72000;
Kain Pel No.18 MP251 - Dragon;Pcs;24000;
Kamper 500 Gr - Swallow;Set;52500;
Kamper Gantung Swallow S 105 150 gr;Pcs;24000;
Kamper Kecil Warna Swallow 150 Gr;Pcs;24000;
Kamper Toilet Putih @5 Merk Swallow;Set;24000;
Kamper Toilet SG-533 Isi 5 Warna - Seagull;Pcs;18500;
Kamper Toilet warna Swallow Isi 5;Pcs;24000;
Kantong Kresek Hitam No. 40 - OTO;Pak;16500;
Kantong Plastik Kresek Hitam No. 17 - Loco;Pak;15500;
Kantong Plastik Kresek Hitam No. 24 - Loco;Pak;15500;
Kantong Plastik Kresek Hitam No. 28 - Loco;Pak;15500;
Kantong Plastik Kresek Hitam No. 35 - Loco;Pak;15500;
Kantong Plastik Kresek Hitam No. 40 - Loco;Pak;15500;
Kantong Plastik Kresek Hitam No. 50 Jumbo Loco;Pak;30000;
Kantong Plastik Kresek Hitam No. 50 Jumbo Loco;Pak;30000;
Kantong Plastik Kresek Merah No. 28 - Loco;Pak;19000;
Kantong Plastik Kresek Merah No. 35 - Loco;Pak;19000;
Kantong Plastik Kresek Merah No. 40 - Loco;Pak;19000;
Kantong Plastik Kresek Putih No. 17 - Loco;Pak;21000;
Kantong Plastik Kresek Putih No. 24 - Loco;Pak;21000;
Kantong Plastik Kresek Putih No. 28 - Loco;Pak;21000;
Kantong Plastik Kresek Putih No. 35 - Loco;Pak;21000;
Kantong Plastik Kresek Putih No. 40 - Loco;Pak;21000;
Kapur Tulis Putih - Sarjana;Box;5500;
Kapur Tulis Warna - Sarjana;Box;7500;
Karbol Classic Pine/Sereh 3,6 Liter Merk SOS;Drigen;85000;
Karbol Vixal Botol 780/ 750 ml;Pcs;17500;
Karet Gelang 1 Kg;Kg;55000;
Karet Gelang 1 Kg (Hijau);Kg;53000;
Karet Gelang 1/2 Kg (Hijau);Pak;26500;
Karet Gelang 1/2 Kg (Kuning);Pak;27500;
Kartu Absensi Merk Apple;Pak;19500;
Kartu Absensi Polos;Pak;16500;
Kartu Absensi Warna;Pak;27000;
Kartu Stock (Putih) Kecil;Pak;14500;
Kartu Stock A4 Berdiri;Pak;29000;
Kartu Stock A4 Tidur;Pak;29000;
Kartu Stock F4 Berdiri;Pak;66000;
Kassa 10 Cm @5;Pcs;12000;
Kecap 275 Ml Merk Bango (botol);Pcs;27000;
Kemoceng Bulu Ayam Besar;Pcs;53000;
Kemoceng Bulu Kuda;Pcs;11500;
Kemoceng Microfiber (Cendol);Pcs;30000;
Keranjang Plastik 208-3 (A22) Lion Star;Pcs;20000;
Key Box Isi 20 Gantungan - Kensi;Pcs;399000;
Kertas 1/2 A4 (A5 70Gr) Putih - Neuro;Pak;19500;
Kertas 1/2 A4 (A5) Putih 75Gr - Brio;Rim;24500;
Kertas 1/2 A4 (A5) Putih 75gr Brio;Rim;24500;
Kertas 1/2 A4 (Biru) - Namas;Pak;32500;
Kertas 1/2 A4 (Biru) - Namas;Pak;32500;
Kertas 1/2 A4 (Hijau) - Namas;Pak;32500;
Kertas 1/2 A4 (Kuning) - Namas;Pak;32500;
Kertas 1/2 A4 (Pink) - Namas;Pak;32500;
Kertas 1/2 A4 (Pink) - Namas;Pak;32500;
Kertas 1/2 A4 (Putih) - Namas;Pak;32500;
Kertas 1/2 F4 (Putih) - Namas;Pak;25100;
Kertas ART Karton 210 Gr Uk. A3;Pak;75000;
Kertas Bufalo A4 (Biru Muda) Merk Namas;Pak;54000;
Kertas Bufalo A4 (Biru Tua) Merk Namas;Pak;54000;
Kertas Bufalo A4 (Cream) Merk Namas;Pak;54000;
Kertas Bufalo A4 (Hijau Muda) Namas;Pak;54000;
Kertas Bufalo A4 (Hijau Tua) Merk Namas;Pak;54000;
Kertas Bufalo A4 (Merah Tua) Merk Namas;Pak;54000;
Kertas Bufalo A4 (Orange/ Kuning Kunyit) Merk Namas;Pak;54000;
Kertas Bufalo A4 (Pink) Merk Namas;Pak;54000;
Kertas Bufalo A4 (Putih) Merk Namas;Pak;54000;
Kertas Bufalo A4 Kuning Muda Merk Namas;Pak;54000;
Kertas Bufalo A4 Tebal (Kuning Muda) Merk Namas;Pak;54000;
Kertas Bufalo F4 (Biru Tua) Merk Namas;Pak;54000;
Kertas Bufalo F4 (Hijau Muda) Merk Namas;Pak;54000;
Kertas Bufalo F4 (Kuning Muda) Merk Namas;Pak;54000;
Kertas Bufalo F4 (Merah Tua) Merk Namas;Pak;54000;
Kertas Bufalo F4 (Merah) - Cakrawala;Pak;54000;
Kertas Bufalo F4 (Orange) Merk Namas;Pak;54000;
Kertas Bufalo F4 (Pink) Merk Namas;Pak;54000;
Kertas Bufalo F4 (Putih) Merk Namas;Pak;54000;
Kertas Bufalo F4 Biru Muda Merk Namas;Pak;54000;
Kertas Bufalo F4 Hijau Tua Merk Namas;Pak;54000;
Kertas Buram A4 - Namas;Pak;27500;
Kertas Buram A4 Merk Gold Fish;Pak;32000;
Kertas Buram A4 Merk Neuro;Pak;27500;
Kertas Buram F4 - Namas;Pak;29000;
Kertas Buram F4 Merk Neuro;Pak;30000;
Kertas Concorde A4 160 Gr (Putih) 80320/ 80401;Pak;9000;
Kertas Concorde A4 200 (Putih) 80300;Pak;10500;
Kertas Concorde A4 220 Gr (Cream) 80236;Pak;12000;
Kertas Concorde A4 220 Gr (Putih) 80230;Pak;12000;
Kertas Concorde A4 220gr (Biru) 80237;Pak;10500;
Kertas Concorde A4 90 gr (Cream) 80203;Pak;10000;
Kertas Concorde A4 90 Gr (Putih) 80201;Pak;10000;
Kertas Concorde F4 220 Gr 80530 (Putih);Pak;15000;
Kertas Double Folio Bergaris 200 Lbr Merk Sinar Dunia;Pak;50000;
Kertas Fax 210 x 30 Merk Fax;Roll;35000;
Kertas Flipchart Buram;Roll;10000;
Kertas Flipchart Hvs Putih 80gr;Roll;19500;
Kertas Glossy Photo Paper A3 260 Gr - Coral;Pak;46000;
Kertas Glossy Sticker A3 120 Gr Merk Coral;Pak;48000;
Kertas Glossy Sticker A4 120 Gr - Coral @ 20;Pak;24000;
Kertas Glossy Sticker A4 135 Gr - Eprint;Pak;35000;
Kertas Glosy Photo A4 260 Gr Merk Coral;Pak;24500;
Kertas HVS A3 70/ 75 Gr Merk Sinar Dunia;Rim;82500;
Kertas HVS A3 70/75 Gr - Paper One;Rim;80000;
Kertas HVS A3 75 Gr - PP Lite;Rim;74750;
Kertas HVS A3 80/85 Gr - Paper One;Rim;88500;
Kertas HVS A4 100 Gr - Paper One;Rim;61500;
Kertas HVS A4 70 - Sinarline;Rim;37500;
Kertas HVS A4 70 Gr - A One;Rim;35000;
Kertas HVS A4 70 Gr - Bola Dunia;Rim;40800;
Kertas HVS A4 70 Gr - Paperline Green;Rim;32500;
Kertas HVS A4 75 Gr - Copier;Rim;37250;
Kertas HVS A4 75 Gr - Copy Paper;Rim;37750;
Kertas HVS A4 75 Gr - Paper One;Rim;40000;
Kertas HVS A4 75 Gr - PP Lite;Rim;37500;
Kertas HVS A4 75 Gr - Sinar Dunia;Rim;41000;
Kertas HVS A4 80 Gr - Bola Dunia;Rim;46000;
Kertas HVS A4 80 Gr Merk Sinar Dunia;Rim;46000;
Kertas HVS A4 80/85 Gr - Paper One;Rim;44350;
Kertas HVS F4 (Biru) Merk Neuro;Rim;61000;
Kertas HVS F4 (Hijau) Merk Neuro;Rim;61000;
Kertas HVS F4 (Kuning) Merk Neuro;Rim;61000;
Kertas HVS F4 (Pink) Merk Neuro;Rim;61000;
Kertas HVS F4 70 Gr - A One;Rim;45000;
Kertas HVS F4 70 Gr - Bola Dunia;Rim;45800;
Kertas HVS F4 70 Gr - Paperline Green;Rim;38500;
Kertas HVS F4 75 Gr - Copier;Rim;42500;
Kertas HVS F4 75 Gr - Copy Paper;Rim;42500;
Kertas HVS F4 75 Gr - Paper One;Rim;45500;
Kertas HVS F4 75 Gr - PP Lite;Rim;42750;
Kertas HVS F4 75 Gr - Sinar Dunia;Rim;46500;
Kertas HVS F4 80 Gr - Bola Dunia;Rim;52500;
Kertas HVS F4 80 Gr - Paper One;Rim;50500;
Kertas HVS F4 80 Gr - Sinar Dunia;Rim;52000;
Kertas Hvs Putih A4 60 Gr - Namas;Rim;36000;
Kertas Hvs Q 70/75gr - Paperone;Rim;38650;
Kertas Hvs Q 80gr - Paperone;Rim;38500;
Kertas Inkjet / Matte Inkjet A4 110 Gr - Coral;Pak;37000;
Kertas Inkjet / Matte Inkjet A4 128/130 Gr - Coral;Pak;41000;
Kertas Inkjet / Matte Inkjet Double Side A4 220gr - Coral;Pak;41000;
Kertas Kado;Pcs;1500;
Kertas Kalkir A0 50 Mtr 80/85;Roll;975000;
Kertas Kalkir A3 80/85gr Merk Diamant;Set;144000;
Kertas Kalkir A4 80/85gr Merk Diamant;Set;77000;
Kertas Kalkir F4 80/85gr Merk Diamant;Set;77000;
Kertas Karbon Merk Sailing Boat Biru;Pak;40000;
Kertas Karbon Merk Sailing Boat Hitam;Pak;40000;
Kertas Karton (Biru) ;Pcs;4000;
Kertas Label A3 Glossy Merk Namas;Pak;173000;
Kertas Label A4 Glossy Merk Namas;Pak;86000;
Kertas Loose Leaf A5 20 Hole;Pak;9500;
Kertas Loose Leaf B5 26 Hole;Pak;13500;
Kertas Photo Silky A4 260 Gsm - Eprint;Pak;61000;
Kertas Plotter HVS A0 50 Meter 100gr;Gulung;220000;
Kertas Samson 80 Gr (90 x 120);Pcs;2000;
Kertas Struk 44 x 65 - GOPrint;Pack;35000;
Kertas Struk 44 x 65 - Paperline;Roll;3500;
Kertas Struk 58 x 48 - Otani;Pack;28000;
Kertas Struk 58 x 48 - Paperline;Roll;2600;
Kertas Struk 58 x 65 - Paperline;Roll;4600;
Kertas Struk 68 x 48 - Paperline;Roll;3100;
Kertas Struk 68 x 65 - Paperline;Roll;5300;
Kertas Struk 75 x 60 (3 Ply) - Go Print;Roll;5900;
Kertas Struk 75 x 65 ( 1 Ply ) - Paperline;Roll;5900;
Kertas Struk 75 x 65 ( 2 Ply ) - Paperline;Roll;9100;
Kertas Thermal 57 x 40 Merk Fyfax;Roll;3500;
Kertas Thermal 57x30 coreless blueprint lite;Pack;21000;
Kertas Thermal Roll Uk. 57/58 x 48 - Fyfax;Roll;4500;
Kertas Thermal EDC Uk. 57 x 30 - Paperline;Roll;3500;
Kertas Thermal Roll Uk. 80 x 48 - Fyfax;Roll;6500;
Kertas Thermal Roll Uk. 80 x 80 - Fyfax;Roll;15000;
Kertas Warna (Biru) A4 70 Gr - Namas;Pak;57750;
Kertas Warna (Biru) F4 70 Gr - Namas;Pak;65500;
Kertas Warna (Hijau) A4 70 Gr - Namas;Pak;57750;
Kertas Warna (Hijau) F4 60 Gr - Namas;Pak;60000;
Kertas Warna (Hijau) F4 70 Gr - Namas;Pak;65500;
Kertas Warna (Kuning) A4 70 Gr - Namas;Pak;57750;
Kertas Warna (Kuning) F4 60 Gr - Namas;Pak;60000;
Kertas Warna (Kuning) F4 70 Gr - Namas;Pak;65500;
Kertas Warna (Pink) A4 70 Gr - Namas;Pak;57750;
Kertas Warna (Pink) F4 70 Gr - Namas;Pak;65500;
Kertas Warna A4 (Biru) IT 180 - Spektra;Rim;92000;
Kertas Warna A4 (Green) IT 190 - Spektra;Rim;93500;
Kertas Warna A4 (Lavender) IT 185 Spektra Colour;Rim;92000;
Kertas Warna A4 (Merah) IT 250 - Spektra Colour;Rim;98000;
Kertas Warna A4 (Pink) IT 170 - Spektra;Rim;92000;
Kertas Warna A4 (Yellow) IT 160 - Spektra;Rim;92000;
Kertas Warna A4 70 Gr (Biru) Merk Sidu;Rim;66000;
Kertas Warna A4 70 Gr (Hijau) Merk Sidu;Rim;66000;
Kertas Warna A4 70 Gr (Kuning) Merk Sidu;Rim;66000;
Kertas Warna A4 70 Gr (Pink) Merk Sidu;Rim;66000;
Kertas Warna A4 80 Gr (Rainbow Pack) Merk Sidu;Pak;52000;
Kertas Warna F4 70 Gr (Biru) Merk Sidu;Rim;75000;
Kertas Warna F4 70 Gr (Hijau) Merk Sidu;Rim;75000;
Kertas Warna F4 70 Gr (Kuning) Merk Sidu;Rim;75000;
Kartu Tik Uk. F4 (Kuning) - Namas;Pak;51000;
Kertas Warna F4 70 Gr (Pink) Merk Sidu;Rim;75000;
Keset Anyam Kain;Pcs;8000;
Keset Handuk 40 x 60;Pcs;27500;
Keset Karet (Welcome) 40 x 60;Pcs;36000;
Keset Karet (Welcome) 60 x 90;Pcs;110000;
Keset Karet Bihun 40 x 60 Polos;Pcs;40000;
Keset Karet Bihun 60 x 90 Polos;Pcs;125000;
Keyboard Khusus Angka ;Pcs;62500;
Keyboard Logitech K120;Pcs;125000;
Kit Shampoo Mobil ref. 720 Ml (Wash & Glow);Pcs;20500;
Kopi Bubuk Special 150 / 160 Gr - Kapal Api;Pcs;27500;
Kopi Goodday Cappucino @10;Renceng;25000;
Kopi Kapal Api 350 / 380 Gr special;Pcs;60500;
Kopi Kapal Api Mix 23 / 24 Gr;Pcs;2100;
Kopi Nescafe Botol 200 Gr;Botol;120700;
Kopi Nescafe Classic 2 Gr @60;Pak;83500;
Kopi Nescafe Classic 90 Gr (Bungkusan);Pcs;60000;
Kotak P3K;Pcs;128000;
Label A3 HVS @100;Pak;151000;
Label A4 HVS @100;Pak;75000;
Label A4 L01 Merk Tom and Jerry;Pak;36500;
Label Barcode Semicoated  33 x 19 x 3 Line @5000;Roll;48000;
Label Barcode Yupol Semicoated 100 x 50 @500 ;Roll;57000;
Label Direct Thermal Sticker 100 X 150 1 line @300 - Eprint;Roll;41500;
Label Direct Thermal Sticker 100 x 150 1line @300 - Blueprint;Roll;35000;
Label Direct Thermal Sticker 100 x 150 1line @400 - Blueprint;Roll;64000;
Label Direct Thermal Sticker 50 x 30 @1000 - Blueprint;Roll;27000;
Label Direct Thermal Sticker 60 x 40 (1 Line) @500;Roll;23000;
Label Direct Thermal Sticker 70 x 50 mm @400;Roll;17500;
Label Direct Thermal Sticker 70 x 50 mm @800 - Eprint;Roll;35000;
Label Direct Thermal Sticker 78 x 100 @300 - Blueprint;Roll;33000;
Label Direct Thermal Sticker Uk. 33 x 15 1 Line 40mm;Roll;8000;
Label F4 HVS @100;Pak;75000;
Label No. 100 Tom and Jerry;Pad;5500;
Label No. 101 Tom and Jerry;Pad;5500;
Label No. 102 Tom and Jerry;Pad;5500;
Label No. 103 Biru - Tom and Jerry;Pad;7750;
Label No. 103 Hijau Tom and Jerry;Pad;7750;
Label No. 103 Kuning Tom and Jerry;Pad;7750;
Label No. 103 Merah Tom and Jerry;Pad;7750;
Label No. 103 Merk Bunny;Pad;5000;
Label No. 103 Merk Star;Pad;5000;
Label No. 103 Orange - Tom and Jerry;Pad;7750;
Label No. 103 Pink - Tom and Jerry;Pad;7750;
Label No. 103 Tom and Jerry;Pad;5500;
Label No. 103 Transparant Tom and Jerry;Box;312500;
Label No. 104 Tom and Jerry;Pad;5500;
Label No. 105 (Biru) Tom and Jerry;Pad;7500;
Label No. 105 (Hijau) Tom and Jerry;Pad;7750;
Label No. 105 (Kuning) Tom and Jerry;Pad;7750;
Label No. 105 (Merah) Tom and Jerry;Pad;7750;
Label No. 105 (Orange) Tom and Jerry;Pad;7750;
Label No. 105 (Pink) Tom and Jerry;Pad;7750;
Label No. 105 Tom and Jerry;Pad;5500;
Label No. 106 Tom and Jerry;Pad;5500;
Label No. 107 (Hijau) Merk Tom and Jerry;Pad;7750;
Label No. 107 (Kuning) Merk Tom and Jerry;Pad;7750;
Label No. 107 (Merah) Merk Tom and Jerry;Pad;7750;
Label No. 107 (Pink) Merk Tom and Jerry;Pad;7750;
Label No. 107 Tom and Jerry;Pad;5500;
Label No. 108 (Biru) Merk Tom and Jerry;Pad;7750;
Label No. 108 (Hijau) Merk Tom and Jerry;Pad;7750;
Label No. 108 (Kuning) Merk Tom and Jerry;Pad;7750;
Label No. 108 (Merah) Merk Tom and Jerry;Pad;7750;
Label No. 108 (Pink) Merk Tom and Jerry;Pad;7750;
Label No. 108 Tom and Jerry;Pad;5500;
Label No. 109 Tom and Jerry;Pad;5500;
Label No. 110 Tom and Jerry;Pad;5500;
Label No. 111 Tom and Jerry;Pad;5500;
Label No. 112 (Biru) - Tom and Jerry;Pad;7750;
Label No. 112 (Merah) - Tom and Jerry;Pad;7750;
Label No. 112 (Orange) Tom and Jerry;Pad;7750;
Label No. 112 (Pink) - Tom and Jerry;Pad;7750;
Label No. 112 Tom and Jerry;Pad;5500;
Label No. 113 Biru Tom and Jerry;Pad;7750;
Label No. 113 Hijau Tom and Jerry;Pad;7750;
Label No. 113 Kuning Tom and Jerry;Pad;7750;
Label No. 113 Merah Tom and Jerry;Pad;7750;
Label No. 113 Orange Tom and Jerry;Pad;7750;
Label No. 113 Orange Tom and Jerry;Pad;7750;
Label No. 113 Tom and Jerry;Pad;5500;
Label No. 114 (Biru) Tom and Jerry;Pad;7750;
Label No. 114 (Hijau) Tom and Jerry;Pad;7750;
Label No. 114 (Kuning) Tom and Jerry;Pad;7750;
Label No. 114 (Merah) Merk Tom and Jerry;Pad;7750;
Label No. 114 (Orange) Tom and Jerry;Pad;7750;
Label No. 114 (Pink) Tom and Jerry;Pad;7750;
Label No. 114 Tom and Jerry;Pad;5500;
Label No. 115 Tom and Jerry;Pad;5500;
Label No. 115 Warna (Biru) Merk Tom and Jerry;Pad;7750;
Label No. 115 Warna (Hijau) Merk Tom and Jerry;Pad;7750;
Label No. 115 Warna (Kuning) Merk Tom and Jerry;Pad;7750;
Label No. 115 Warna (Merah) Merk Tom and Jerry;Pad;7750;
Label No. 115 Warna (Orange) Merk Tom and Jerry;Pad;7750;
Label No. 115 Warna (Pink) Merk Tom and Jerry;Pad;7750;
Label No. 116 Tom and Jerry;Pad;5500;
Label No. 116 Tom and Jerry (Biru);Pad;7750;
Label No. 116 Tom and Jerry (Hijau);Pad;7750;
Label No. 116 Tom and Jerry (Kuning);Pad;7750;
Label No. 116 Tom and Jerry (Merah);Pad;7750;
Label No. 117 Biru Tom and Jerry;Pad;7750;
Label No. 117 Biru Tom and Jerry;Pad;7750;
Label No. 117 Hijau Tom and Jerry;Pad;7750;
Label No. 117 Kuning Tom and Jerry;Pad;7750;
Label No. 117 MerahTom and Jerry;Pad;7750;
Label No. 117 Orange - Tom and Jerry;Pad;7750;
Label No. 117 Pink Tom and Jerry;Pad;7750;
Label No. 117 Tom and Jerry;Pad;5500;
Label No. 118 (Biru) Merk Tom and Jerry;Pad;7750;
Label No. 118 (Hijau) - Tom and Jerry;Pad;7750;
Label No. 118 (Kuning) Merk Tom and Jerry;Pad;7750;
Label No. 118 (Merah) Merk Tom and Jerry;Pad;7750;
Label No. 118 (Orange) Merk Tom and Jerry;Pad;7750;
Label No. 118 (Pink) Merk Tom and Jerry;Pad;7750;
Label No. 118 Tom and Jerry;Pad;5500;
Label No. 119 (Kuning) Tom and Jerry;Pad;7750;
Label No. 119 (Merah) Tom and Jerry;Pad;7750;
Label No. 119 Tom and Jerry;Pad;5500;
Label No. 120 Tom and Jerry;Pad;5500;
Label No. 121 (Biru) Tom and Jerry;Pad;7750;
Label No. 121 (Hijau) Tom and Jerry;Pad;7750;
Label No. 121 (Kuning) Tom and Jerry;Pad;7750;
Label No. 121 (Merah) Tom and Jerry;Pad;7750;
Label No. 121 (Orange) Tom and Jerry;Pad;7750;
Label No. 121 (Pink) Tom and Jerry;Pad;7750;
Label No. 121 Tom and Jerry;Pad;5500;
Label No. 122 Tom and Jerry;Pad;5500;
Label No. 123 Tom and Jerry;Pad;5500;
Label No. 123 Tom and Jerry (Biru);Pad;7750;
Label No. 123 Tom and Jerry (Hijau);Pad;7750;
Label No. 123 Tom and Jerry (Kuning);Pad;7750;
Label No. 123 Tom and Jerry (Merah);Pad;7750;
Label No. 123 Tom and Jerry (Orange);Pad;7750;
Label No. 123 Tom and Jerry (Pink);Pad;7750;
Label No. 124 Tom and Jerry;Pad;5500;
Label No. 125 Tom and Jerry;Pad;5500;
Label No. 126 Tom and Jerry;Pad;5500;
Label No. 127 Tom and Jerry;Pad;5500;
Label No. 128 Tom and Jerry;Pad;5500;
Label No. 129 Tom and Jerry;Pad;5500;
Label No. 97 Tom and Jerry;Pad;5500;
Label No. 97 Warna Kuning Tom and Jerry;Pad;7750;
Label No. 98 Tom and Jerry;Pad;5500;
Label No. 99 Tom and Jerry;Pad;5500;
Label Panah No. 130 Tom and Jerry;Pad;8000;
Label Panah No.130 Tom and Jerry;Pad;8000;
Label Printer Brother 36 mm (Black On White) TZE 261;Pcs;492000;
Label Brother 9mm (Black On White) Tze-221;Pcs;239000;
Label Brother 6mm TZE 211 (Black On White);Pcs;217000;
Label Printer Casio 12 mm (Blue) XR-12BU1;Pcs;169000;
Label Printer Casio 12 mm (Clear) XR-12X1;Pcs;169000;
Label Printer Casio 12 mm (Green) XR-12GN1;Pcs;169000;
Label Printer Casio 12 mm (Red) XR-12RD1;Pcs;169000;
Label Printer Casio 12 mm (White) XR-12WE1;Pcs;169000;
Label Printer Casio 12 mm (Yellow) XR-12YW1;Pcs;169000;
Label Printer Casio 18 mm (Clear) XR-18X1;Pcs;182000;
Label Printer Casio 18 mm Blue XR-18BU1;Pcs;182000;
Label Printer Casio 18 mm Green XR-18GN1;Pcs;182000;
Label Printer Casio 18 mm Red XR-18RD1;Pcs;182000;
Label Printer Casio 18 mm White XR-18WE1;Pcs;182000;
Label Printer Casio 18 mm Yellow XR-18YW1;Pcs;182000;
Label Printer Casio 24 mm (Blue) XR-24BU1;Pcs;217000;
Label Printer Casio 24 mm (Green) XR-24GN1;Pcs;217000;
Label Printer Casio 24 mm (Red) XR-24RD1;Pcs;217000;
Label Printer Casio 24 mm (White) XR-24WE1;Pcs;217000;
Label Printer Casio 24 mm (Yellow) XR-24YW1;Pcs;217000;
Label Printer Casio 24mm (Clear) XR-24X1;Pcs;217000;
Label Printer Casio 6mm (Clear) XR-6X1;Pcs;136000;
Label Printer Casio 6mm (Green);Pcs;136000;
Label Printer Casio 6mm (Merah);Pcs;136000;
Label Printer Casio 6mm (White);Pcs;136000;
Label Printer Casio 9 mm (Blue) XR-9BU1;Pcs;153000;
Label Printer Casio 9 mm (Clear) XR-9 X1;Pcs;153000;
Label Printer Casio 9 mm (Green) XR-9GN1;Pcs;153000;
Label Printer Casio 9 mm (Red) XR-9RD1;Pcs;153000;
Label Printer Casio 9 mm (White) XR-9WE1;Pcs;153000;
Label Printer Casio 9 mm (Yellow) XR-9YW1;Pcs;153000;
Lakban Bening 100yd - Goldtape (Merah);Roll;11000;
Lakban Bening 2 inci 100yd - Daimaru;Roll;13500;
Lakban Bening 2 inci 100yd Merk Nachi;Roll;11250;
Lakban Bening 2 inci 90yd - Daimaru;Roll;11750;
Lakban Bening 2 inci x 100yd - Nachi;Roll;11500;
Lakban Bening 3 inci Merk Nachi;Roll;17500;
Lakban Bening 45 x 90y - Everfix;Roll;5500;
Lakban Bening 90yd - Goldtape (Hijau);Roll;9500;
Lakban Coklat  2 inci 100yd Merk Nachi;Roll;11250;
Lakban Coklat 100yd - Goldtape (Merah);Roll;11000;
Lakban Coklat 2 inci 90yd - Daimaru;Roll;11750;
Lakban Coklat 2 inci x 100yd - Nachi;Roll;11500;
Lakban Coklat 90yd - Goldtape (Hijau);Roll;9500;
Lakban Fragile 48mm x 100yard - Bodhi Tape;Roll;12000;
Lakban Fragile 48mm x 50mtr (OPP-3FR-50) - Joyko;Roll;10500;
Lakban Kain 1 1/2 inci Hitam - Daimaru;Roll;13000;
Lakban Kain 1 inci Hitam - Daimaru;Roll;8000;
Lakban Kain 2 inci Biru - Daimaru;Roll;17500;
Lakban Kain 2 inci Biru Merk Nachi;Roll;15000;
Lakban Kain 2 inci Coklat/ Cream - Daimaru;Roll;17500;
Lakban Kain 2 inci Hijau Merk Nachi;Roll;15000;
Lakban Kain 2 inci Hitam - Daimaru;Roll;15250;
Lakban Kain 2 inci Hitam Merk Nachi;Roll;15000;
Lakban Kain 2 inci Kuning Merk Nachi;Roll;15000;
Lakban Kain 2 inci Merah - Daimaru;Roll;17500;
Lakban Kain 2 inci Merah Merk Nachi;Roll;15000;
Lakban Kain 2 inci Putih Merk Nachi;Roll;15000;
Lakban Kain 2 inci Silver - Yatta;Roll;17500;
"Lakban Kain 2"" Kuning - Daimaru";Roll;17500;
Lakban Kertas 1 inci Merk Daimaru;Roll;7000;
Lakban Kertas 1 inci Merk Nachi;Roll;5750;
Lakban kertas 1/2 inci - Daimaru;Roll;3500;
Lakban Kertas 1/2 inci Merk Nachi;Roll;3000;
Lakban Kertas 2 inci Merk Daimaru;Roll;14000;
"Lakban Kertas 2"" Merk Nachi";Roll;11500;
Lakban Lantai 3M 764 1 inci (Kuning);Roll;38000;
Lakban Lantai 3M 764 2 inci 33 Mtr (Biru);Roll;69500;
Lakban Lantai 3M 764 2 inci 33 Mtr (Hijau);Roll;69500;
Lakban Lantai 3M 764 2 inci 33 Mtr (Kuning);Roll;69500;
Lakban Lantai 3M 764 2 inci 33 Mtr (Merah);Roll;69500;
Lakban Lantai 3M 764 2 inci 33 Mtr (Putih);Roll;69500;
Lakban Lantai 3M 766 2 inci (Kuning Hitam);Roll;79500;
"Lakban Plastik Merah 2"" Daimaru";Roll;14000;
Lakban Police Line 2 Inci x 300 Mtr (No Seal);Roll;69500;
Lap Kaca Microfiber ID 81 Scotch Brite 3M;Pcs;36000;
Lap Kaca Microfiber ID 86 Scotch Brite - 3M;Pcs;35000;
Lap Kanebo Champion;Pcs;17000;
Lap Kanebo Merk Kenmaster;Pcs;25000;
Lap Microfiber Uk. 30 x 30 Cm - Kleaner;Pcs;11000;
Lap Tangan Gantung;Pcs;12000;
Lem Alteco Power Glue;Pcs;5500;
Lem Cair 50 ml Merk Joyko;Pcs;2500;
Lem Cair 50 ml Merk Kenko (LG50);Pcs;3000;
Lem Epoxy 48gr 5 Menit - Dextone;Pcs;18000;
Lem Fox 1 Kg;Pcs;43500;
Lem Fox 1/2 Kg (500 Gr);Pcs;23500;
Lem Fox 150 Gr;Pcs;10000;
Lem Instant Glue 15 Gr - Dextone;Pcs;8000;
Lem Power Glue - General;Pcs;5500;
Lem Cair Botol Korea;Pcs;6000;
Lem Stick 15 Gr Merk Kenko;Pcs;4000;
Lem Stick 25 Gr Merk Kenko;Pcs;5500;
Lem Stick 8 Gr Merk Kenko;Pcs;2500;
Lem Stik 21 Gr Merk UHU;Pcs;20500;
Lem Stik 40 Gr Merk UHU;Pcs;33000;
Lem Stik 8 gr Merk Joyko;Pcs;2500;
Lem Stik 8,2 Gr Merk UHU;Pcs;11000;
Lem Stik BH6201 15gr - Bantex;Pcs;5500;
Lem Stik BH6202 21gr - Bantex;Pcs;7500;
Lem Stik GS-107 36 Gr - Joyko;Pcs;7000;
Lem Stik GS-25 Gr - Joyko;Pcs;5500;
Lem Tikus 100 Ml Merk Gajah;Pcs;20000;
Lem Tikus 70gr Merk Gajah (Papan);Pcs;20000;
Lif Off Merk Fullmark;Pcs;10000;
Lilin Lem Tembak Besar (Kg);Kg;80000;
Lilin Lem Tembak Besar (pcs);Pcs;3500;
Lilin Lem Tembak Kecil (Kg);Kg;80000;
Lilin Lem Tembak Kecil (pcs);Pcs;2000;
Lobby Duster 60 Cm (Kain Pel)  9824 Merk Nagata;Pcs;152000;
Lobby Duster 60 Cm (Kain Pel)  NGT9873 Merk Nagata;Pcs;107000;
Lobby Duster 60Cm MP231 - Dragon;Pcs;85000;
Lobby Duster 90 Cm (Kain Pel) NGT 9836 Merk Nagata;Pcs;187000;
Luwak White Coffee 20 Gr  @ 10;Renceng;19000;
Magnet WB No. 20 Merk Joyko;Set;7000;
Magnet WB No. 30 Merk Joyko;Set;6000;
Magnet WB No. 40 Merk Joyko;Set;8000;
MAINTENANCE BOX C9345;Pcs;580000;
Maintenance Box L1455 (T6711/PXMB3) - Epson;Pcs;535000;
Maintenance Box L-Series/ T04D1 - Epson;Pcs;165000;
Maintenance  Box L15150 (C9345) - Epson;Pcs;592000;
Maintenance Box L6000 Series (T04D1) - Epson ;Pcs;165000;
Map Batik - Kiky;Pcs;3500;
Map Gantung Bantex 3470-06 (Kuning);Pcs;7600;
Map Gantung Bantex 3470-09 (Merah);Pcs;7600;
Map Gantung Bantex 3470-11 (Cobalt Blue);Pcs;7600;
Map Gantung Bantex 3470-15 (Hijau);Pcs;7600;
Map Gantung Merk Fujita;Pcs;4200;
Map Gantung No. 69 Lihit;Pcs;4200;
Map Jaring DCB-34 A4 Kombinasi - Joyko;Pcs;10000;
Map Jaring DCB-34 A5 Kombinasi - Joyko;Pcs;6000;
Map Jaring DCB-34 B4 Kombinasi - Joyko;Pcs;12000;
Map Jaring DCB-34 B5 Kombinasi - Joyko;Pcs;10000;
Map Jaring DCB-34 Bill (Cabinet) Kombinasi - Joyko;Pcs;5500;
Map Jaring Kancing (School Bag);Pcs;17000;
Map Jaring Uk. Folio (Zipper Bag);Pcs;15000;
Map Kancing (Bening) Merk Vindex / Dataflex;Pcs;3200;
Map Kancing (Biru) Merk Daichi;Pcs;7000;
Map Kancing (Biru) Merk Vindex / Dataflex;Pcs;3200;
Map Kancing (Hijau) Merk Vindex / Dataflex;Pcs;3200;
Map Kancing (Kuning) Merk Vindex / Dataflex;Pcs;3200;
Map Kancing (Merah) Merk Vindex / Dataflex;Pcs;3200;
Map Kancing Bening Merk Felix;Pcs;3300;
Map Karton 5001 (Biru Muda Merk Diamond;Pcs;2040;
Map Karton 5001 (Biru Muda) Merk Biola;Pcs;1650;
Map Karton 5001 (Biru) Merk Biola;Pcs;1650;
Map Karton 5001 (Hijau) Merk Biola;Pcs;1650;
Map Karton 5001 (Kuning) Merk Biola;Pcs;1650;
Map Karton 5001 (Merah) Merk Biola;Pcs;1650;
Map Karton 5001 (Orange) Merk Biola;Pcs;1650;
Map Karton 5001 (Orange) Merk Diamond;Pcs;2040;
Map Karton 5001 (Pink) Merk Biola;Pcs;1650;
Map Karton 5001 (Pink) Merk Diamond;Pcs;2040;
Map Karton 5001 Biru Merk Diamond;Pcs;1830;
Map Karton 5001 Coklat Merk Diamond;Pcs;2040;
Map Karton 5001 Hijau Merk Diamond;Pcs;1830;
Map Karton 5001 Kuning Merk Diamond;Pcs;1830;
Map Karton 5001 Merah Merk Diamond;Pcs;1830;
Map Karton 5002 (Biru Benhur) No. 6 Merk Biola;Pcs;1450;
Map Karton 5002 (Biru Muda) Merk Diamond;Pcs;1900;
Map Karton 5002 (Biru Muda) No. 7 Merk Biola;Pcs;1450;
Map Karton 5002 (Biru Tua) No. 5 Merk Biola;Pcs;1450;
Map Karton 5002 (Hijau Muda) No. 10 Merk Biola;Pcs;1450;
Map Karton 5002 (Hijau Tua) No. 8 Merk Biola;Pcs;1450;
Map Karton 5002 (Kuning) No. 3 Merk Biola;Pcs;1450;
Map Karton 5002 (Merah) No. 1 Merk Biola;Pcs;1450;
Map Karton 5002 (Orange) Merk Diamond;Pcs;1900;
Map Karton 5002 (Orange) No. 2 Merk Biola;Pcs;1450;
Map Karton 5002 (Pink) No. 4 Merk Biola;Pcs;1450;
Map Karton 5002 (Putih)  Merk Biola;Pcs;1450;
Map Karton 5002 Biru Merk Diamond;Pcs;1700;
Map Karton 5002 Coklat Merk Diamond;Pcs;1900;
Map Karton 5002 Cream Merk Diamond;Pcs;1900;
Map Karton 5002 Hijau Merk Diamond;Pcs;1700;
Map Karton 5002 Kuning Merk Diamond;Pcs;1700;
Map Karton 5002 Merah Merk Diamond;Pcs;1700;
Map Karton 5002 Pink Merk Diamond;Pcs;1900;
Map L (Biru) A4 Daiichi;Pcs;3000;
Map L (Biru) F4 Daiichi;Pcs;3100;
Map L (Hijau) A4 Daiichi;Pcs;3000;
Map L (Hijau) F4 Daiichi;Pcs;3100;
Map L (Kuning) A4 Daiichi;Pcs;3000;
Map L (Kuning) F4 Daiichi;Pcs;3100;
Map L (Merah) A4 Daiichi;Pcs;3000;
Map L (Merah) F4 Daiichi;Pcs;3100;
Map L Bening A4 9001 Daiichi;Pcs;3000;
Map L Bening A4 Merk Inter X;Pcs;1700;
Map L Bening Biru A4 Merk Inter X;Pcs;1700;
Map L Bening F4 9002 Daiichi;Pcs;3100;
Map L Bening F4 Merk Inter X;Pcs;2000;
Map L Bening Hijau A4 Merk Inter X;Pcs;1700;
Map L Bening Kuning A4 Merk Inter X;Pcs;1700;
Map L Bening Merah A4 Merk Inter X;Pcs;1700;
Map L Bening Opaque A4 Merk Inter X;Pcs;1700;
Map L Bening Uk. F4 Merk Etona;Pcs;1500;
Map L Biru F4 Merk Inter X;Pcs;2000;
Map L Hijau F4 Merk Inter X;Pcs;2000;
Map L Kuning F4 Merk Inter X;Pcs;2000;
Map L Merah F4 Merk Inter X;Pcs;2000;
Map Plastik Kancing (Bening) Merk Inter X;Pcs;4200;
Map Plastik Kancing (Biru) Merk Inter X;Pcs;4200;
Map Plastik Kancing (Hijau) Merk Inter X;Pcs;4200;
Map Plastik Kancing (Kuning) Merk Inter X;Pcs;4200;
Map Plastik Kancing (Merah) Merk Inter X;Pcs;4200;
Map Plastik Kancing (Ungu) Merk Inter X;Pcs;4200;
Map Plastik Kancing A5 (Bening) Merk Inter X;Pcs;2500;
Map Plastik Kancing A5 (Biru) Merk Inter X;Pcs;2500;
Map Plastik Kancing A5 (Hijau) Merk Inter X;Pcs;2500;
Map Plastik Kancing A5 (Kuning) Merk Inter X;Pcs;2500;
Map Plastik Kancing A5 (Merah) Merk Inter X;Pcs;2500;
Map Plastik Tali (Bening) Merk Inter X;Pcs;4200;
Map Plastik Tali (Biru) Merk Inter X;Pcs;4200;
Map Plastik Tali (Hijau) Merk Inter X;Pcs;4200;
Map Plastik Tali (Kuning) Merk Inter X;Pcs;4200;
Map Plastik Tali (Merah) Merk Inter X;Pcs;4200;
Masker @50 - Safemask;Pak;16000;
Masker @50 Remedi;Pak;25500;
Masker 3 Ply Putih One Med @50;Box;24000;
Materai 10000;Pcs;11000;
Memo Cady 8312 - Kenko;Pcs;28500;
Memo Cady Besi (Desk Set) DS-19 Joyko;Pcs;33000;
Memo Cady Set Besi 9058 V-Tec;Pcs;33000;
Mesin Absen Fingerprint P207 - Solution;Pcs;690000;
Mesin Laminating A3 LM-02/ 02A Merk Joyko;Pcs;1215000;
Mesin Laminating Origin ORX 330 EX A3 ;Pcs;920000;
Mesin Lem Tembak Besar GG-851 Merk Joyko;Pcs;58000;
Mesin Lem Tembak Kecil GG-850 Merk Joyko;Pcs;34000;
Mesin Price Labelier MX 5500 M - Joyko;Pcs;42000;
Meteran 3 Meter;Pcs;23000;
Meteran 5 Meter ;Pcs;29000;
Meteran 7,5 Meter - Krisbow;Pcs;99000;
Meteran Baju;Pcs;2500;
Meteran Magnet 7,5 Meter (10540469) - Krisbow;Pcs;89000;
Meteran Roll PRTT 290 - Joyko;Pcs;8500;
Mini Container 3 Laci A4 SS - 3 PR - 33 Pressa - Lion Star;Pcs;160000;
Mini Container 3 Laci SIP 363 C4 - Shinpo;Pcs;37000;
Minyak Kayu Putih 120 ML Cap Lang;Pcs;50000;
Minyak Kayu Putih 15 Ml Cap Lang;Pcs;8000;
Money Detector MD 100 Merk Joyko;Pcs;105000;
Mouse M 170 Merk Logitech;Pcs;135000;
Mouse M 185 Logitech Wireless;Pcs;150000;
Mouse M 187 Logitech;Pcs;174000;
Mouse Pad RP05-M - Robot;Pcs;8500;
Mouse USB B100 Logitech;Pcs;60000;
Mouse Wireless M 331 (Silent) Merk Logitech;Pcs;254000;
Name Card Holder 128 (4 Kolom) - Nafa;Pcs;23000;
Name Card Holder 6282 Bambi;Pcs;98000;
Nampan Plastik No.2 T-2 - Lion Star;Pcs;16000;
Obat Diapet Isi 10 Kapsul (Strip);Pcs;7000;
Obat Diapet NR;Pcs;6000;
Obat Eye Flush 150ml - Rohto;Pcs;42500;
Obat Tablet Bodrex ;Pcs;5500;
Obat Tablet Bodrex Extra (Strip);Pcs;5000;
Obat Tablet Entrostop;Pcs;10000;
Obat Tablet Panadol Biru (sakit kepala, demam, nyeri);Pcs;14000;
Obat Tablet Panadol Hijau (flu & batuk);Pcs;19000;
Obat Tablet Panadol Merah Extra (sakit kepala);Pcs;15000;
Obat Tablet Promag (Strip);Pcs;10500;
Obat Ultraflu Tablet (Strip);Pcs;5000;
Open Tape Dispenser No. 100 - Lion;Pcs;27000;
Open Tape Dispenser No. 20 - Lion;Pcs;13000;
Open Tape Dispenser No. 50 - Lion;Pcs;28000;
Open Tape Dispenser No. 7 - Lion;Pcs;19500;
Open Tape Dispenser TD 103 Merk Joyko;Pcs;20000;
Open Tape Dispenser TD 323 Kenko;Pcs;19000;
OPP Tape Dispenser  TD-2 (Plastik) Joyko;Pcs;15500;
OPP Tape Dispenser (Besi) TC-119 - Joyko;Pcs;18500;
OPP Tape Dispenser (besi) TD-2S - Joyko;Pcs;18500;
OPP Tape Dispenser (Gagang) TD-2H - Joyko;Pcs;45000;
OPP Tape Dispenser PDL-01 (plastik) - Lion;Pcs;17500;
OPP Tape Dispenser SDL-01 / SDL-02 (besi) - Lion;Pcs;30000;
"OPP Tape Dispenser TD 3 Joyko (U/ 3"")";Pcs;20000;
OPP Tape Dispenser VT 216 Merk V-Tec;Pcs;21000;
Ordner Bambi 1011 A4 (Hitam);Pcs;31500;
Ordner Bambi 1012 - 01 (Biru);Pcs;31500;
Ordner Bantex 1311-01 (Biru);Pcs;99000;
Ordner Bantex 1450-04 (Hijau);Pcs;31500;
Ordner Bantex 1450-06 (Kuning);Pcs;31500;
Ordner Bantex 1450-07 (White);Pcs;31500;
Ordner Bantex 1450-09 (Merah);Pcs;31500;
Ordner Bantex 1450-11 (Cobalt Blue);Pcs;31500;
Ordner Bantex 1450-12 (Orange);Pcs;31500;
Ordner Bantex 1450-15 (Gress Green);Pcs;31500;
Ordner Bantex 1450-19 (Pink);Pcs;31500;
Ordner Bantex 1450-21 (Lilac);Pcs;31500;
Ordner Bantex 1450-22 (Turquoise);Pcs;31500;
Ordner Bantex 1451 - 05 (Grey) A4 5 Cm;Pcs;31000;
Ordner Bantex 1451 - 07 (Putih) A4 5 Cm;Pcs;31000;
Ordner Bantex 1451 - 09 (Merah) A4 5 Cm;Pcs;31000;
Ordner Bantex 1451 - 10 (Hitam) A4 5 Cm;Pcs;31000;
Ordner Bantex 1451 - 65 (Lime) A4 5 Cm;Pcs;31000;
Ordner Bantex 1451 (Biru) A4 5 Cm;Pcs;31000;
Ordner Bantex 1465 - 01 (Biru);Pcs;32000;
Ordner Bantex 1465 - 04 (Hijau);Pcs;32000;
Ordner Bantex 1465 - 05 (Grey);Pcs;32000;
Ordner Bantex 1465 - 06 (Kuning);Pcs;32000;
Ordner Bantex 1465 - 09 (Merah);Pcs;32000;
Ordner Bantex 1465 - 10 (Hitam);Pcs;32000;
Ordner Bantex 1465 - 12 (Orange);Pcs;32000;
Ordner Bantex 1465 - 13 (Beige);Pcs;32000;
Ordner Bantex 1465 - 17 (Silver);Pcs;32000;
Ordner Bantex 1465 - 19 (Pink);Pcs;32000;
Ordner Bantex 1465 - 22 (Turquoise);Pcs;32000;
Ordner Bantex 1465 - 26 (Lemon);Pcs;32000;
Ordner Bantex 1465 - 62 (Blueberry);Pcs;32000;
Ordner Bantex 1465 - 63 (Melon);Pcs;32000;
Ordner Bantex 1465 - 64 (Manggo);Pcs;32000;
Ordner Bantex 1465 - 76 (Cool Aqua);Pcs;32000;
Ordner Bantex 1465-07 (White);Pcs;32000;
Ordner Bantex 1465-11 (Cobalt Blue);Pcs;32000;
Ordner Bantex 1465-15 Grass Green;Pcs;32000;
Ordner Bantex 1465-21 (Lilac);Pcs;32000;
Ordner Bantex 1465-23 (Sky Blue);Pcs;32000;
Ordner Bantex 1465-61 (Grape);Pcs;32000;
Ordner Bantex 1465-65 (Lime);Pcs;32000;
Ordner Bantex 1466 - 09 (Merah) 5 Cm;Pcs;31000;
Ordner Bantex 1466 - 11 (Light Blue) 5 Cm;Pcs;31000;
Ordner Bantex 1466 - 12 (Orange) 5 Cm;Pcs;31000;
Ordner Bantex 1466 - 15 (Grass Green) 5 Cm;Pcs;31000;
Ordner Bantex 1466 - 19 (Pink) 5 Cm;Pcs;31000;
Ordner Bantex 1466 - 45 (Peach) 5 Cm;Pcs;31000;
Ordner Bantex 1466 - 65 (Lime) 5 Cm;Pcs;31000;
Ordner Bantex 1466 (Biru) 5 Cm;Pcs;31000;
Ordner Bantex 1466 (Hitam) 5 Cm;Pcs;31000;
Ordner Bantex 1466-07 (Putih) 5 Cm;Pcs;31000;
Ordner Bantex 1466-21 (Lilac) 5 Cm;Pcs;31000;
Ordner Bantex 1466-22 (Turquise) 5 Cm;Pcs;31000;
Ordner Bantex 1466-23 (Sky Blue) 5 Cm;Pcs;31000;
Ordner Bantex 8222-01 (Biru);Pcs;28500;
Ordner Bantex 8222-10 (Hitam);Pcs;28500;
Ordner Bantex 8562 - 07 A4 (2 D - 65mm);Pcs;68000;
Ordner Bantex A4 1450-01 (Biru);Pcs;30500;
Ordner Bantex A4 1450-05 (Grey);Pcs;30500;
Ordner Bantex A4 1450-10 (Hitam);Pcs;30500;
Ordner Bantex A4 1450-63 (Melon);Pcs;30500;
Ordner Bantex A4 1450-65 (Lime);Pcs;30500;
Ordner Bantex A5 1403-10 (Hitam);Pcs;16000;
Ordner Bantex F4 1401-01 (Biru);Pcs;16000;
Ordner Bantex F4 1401-10 (Hitam);Pcs;16000;
Ordner Bantex F4 1402-10 (Hitam);Pcs;19500;
Ordner Bantex Landscape A3 1468 (Biru);Pcs;63000;
Ordner Bantex Landscape A3 1468 (Hitam);Pcs;63000;
Ordner Folio (Biru) Merk Forte Enduro Premium Plus;Pcs;16000;
Ordner Folio (Hitam) Merk Forte Enduro Premium Plus;Pcs;16000;
Ordner Folio 727 Biru Merk Bindex;Pcs;26000;
Ordner Folio 727 Hitam Merk Bindex;Pcs;26000;
Ordner Folio Bantex Trendy 1446 (Biru);Pcs;18000;
Ordner Folio Bantex Trendy 1446 (Hitam);Pcs;18000;
Ordner Folio Bantex Trendy 1446 (Merah);Pcs;18000;
Ordner Folio Bantex Trendy 1447 (Biru) @ 5 mm;Pcs;18000;
Ordner Folio Bantex Trendy 1447 (Hijau) @ 5 mm;Pcs;18000;
Ordner Folio Bantex Trendy 1447 (Hitam) @ 5 mm;Pcs;18000;
Ordner Folio Bantex Trendy 1447 (Merah) @ 5 mm;Pcs;18000;
Ordner Folio Biru 717 Merk Bindex;Pcs;26000;
Ordner Folio Biru Merk Gema;Pcs;17000;
Ordner Folio Hitam 717 Merk Bindex;Pcs;26000;
Ordner Folio Hitam Merk Gema;Pcs;17000;
Ordner Kwitansi (Hitam) Merk Forte Enduro Premium;Pcs;16000;
Ordner Kwitansi Bantex 1452/ 1453-23 (Sky Blue);Pcs;28500;
Ordner Kwitansi Bantex 1452-01 (Biru);Pcs;29500;
Ordner Kwitansi Bantex 1452-04 (Hijau);Pcs;29500;
Ordner Kwitansi Bantex 1452-05 (Grey);Pcs;29500;
Ordner Kwitansi Bantex 1452-06 (Kuning);Pcs;29500;
Ordner Kwitansi Bantex 1452-07 (Putih);Pcs;29500;
Ordner Kwitansi Bantex 1452-09 (Merah);Pcs;29500;
Ordner Kwitansi Bantex 1452-10 (Hitam);Pcs;29500;
Ordner Kwitansi Bantex 1452-11 (Cobalt Blue);Pcs;29500;
Ordner Kwitansi Bantex 1452-12 (Orange);Pcs;29500;
Ordner Kwitansi Bantex 1452-19 (Pink);Pcs;29500;
Ordner Kwitansi Bantex 1452-21 (Lilac);Pcs;29500;
Ordner Kwitansi Bantex 1452-22(Turquise);Pcs;29500;
Ordner Kwitansi Bantex 1452-63 (Melon);Pcs;29500;
Ordner Kwitansi Bantex 1452-65 (Lime);Pcs;29500;
Ordner kwitansi Bantex Trendy A5 1448-01 (Biru);Pcs;18000;
Ordner kwitansi Bantex Trendy A5 1448-01 (Grey);Pcs;18000;
Ordner kwitansi Bantex Trendy A5 1448-01 (Hijau);Pcs;18000;
Ordner kwitansi Bantex Trendy A5 1448-01 (Merah);Pcs;18000;
Ordner Kwitansi Bantex Trendy A5 1448-10 (Hitam);Pcs;18000;
Ordner Kwitansi Biru 777 Merk Bindex;Pcs;27000;
Ordner Kwitansi Biru Merk Gema;Pcs;17000;
Ordner Kwitansi Hitam 777 Merk Bindex;Pcs;27000;
Ordner Kwitansi Hitam Merk Gema;Pcs;17000;
Paku Payung Maxco;Box;3500;
Papan Flip Chart 60 x 90 3 Kaki Sakana;Pcs;810000;
Papan Jalan (Doff) Plastik - Butterfly;Pcs;16500;
Papan Jalan (Mika) - Butterfly;Pcs;21000;
Papan Jalan (Triplex) - Butterfly;Pcs;5000;
Papan Jalan Bantex 4205;Pcs;18500;
Papan Jalan CLB-61 Merk Joyko;Pcs;17000;
Papan Jalan Plastik Doff 303 - Topla;Pcs;17000;
Papan Jalan Plastik Mika 708 - Topla;Pcs;16000;
Papan Jalan Triplex - Rapico / Executive;Pcs;4500;
Papan Whiteboard 120 x 180 Cm (1 Muka Kaki) Sakana;Pcs;1260000;
Papan Whiteboard 120 x 180 Cm (2 Muka Kaki) Sakana;Pcs;1640000;
Papan Whiteboard 90 x 120 Cm (1 Muka Kaki) Sakana;Pcs;890000;
Papan Whiteboard Gantung 100 x 150 Cm Sakana;Pcs;715000;
Papan Whiteboard Gantung 100 x 160 Cm Sakana;Pcs;780000;
Papan Whiteboard Gantung 120 x 150 Cm Sakana;Pcs;715000;
Papan Whiteboard Gantung 120 x 180 Cm Sakana;Pcs;780000;
Papan Whiteboard Gantung 120 x 240 Cm Sakana;Pcs;925000;
Papan Whiteboard Gantung 60 x 80 Cm Sakana;Pcs;181000;
Papan Whiteboard Gantung 40 x 60 Cm Sakana;Pcs;97500;
Papan Whiteboard Gantung 60 x 90 Cm Sakana;Pcs;181000;
Papan Whiteboard Gantung 90 x 120 Cm Sakana;Pcs;465000;
Papan Whiteboard Gantung 80 x 120 Cm Sakana;Pcs;465000;
Papan Whiteboard Gantung 120 x 80 Cm (Non Magnet) Sakana;Pcs;430000;
Paper Clip No. 5 Merk Joyko;Box;4400;
Paper Clip No. 5 Merk Kenko;Box;4400;
Paper Cutter A3 Merk Kenko;Pcs;290000;
Paper Cutter F4 Merk Kenko;Pcs;235000;
Paper Tray (3 Susun Besi) DT-25 - Joyko;Pcs;90000;
Paper Tray (3 Susun Besi) DT-34 - Joyko;Pcs;120000;
Paper Tray (4 Susun Besi) DT-31 - Joyko;Pcs;110000;
Paper Tray (5 Susun Besi) DT-41 - Joyko;Pcs;152000;
Paper Tray 2 susun Elevated 602 - Microtop;Pcs;67000;
Paper Tray 3 Susun (Besi) - V Tec;Pcs;80000;
Paper Tray 3 susun Elevated 603 - Microtop;Pcs;83000;
Paper Tray 3 susun Executive 803 - Microtop;Pcs;102000;
Paper Tray 4 Susun (Besi) - V Tec;Pcs;110000;
Payung Lipat SF Dia - 98cm;Pcs;70000;
Pembatas File Bantex 6210 (A4 1 - 10);Pcs;16500;
Pembersih Kaca (Glass Cleaner) 3,7 Lt Merk Yuri;Drg;40000;
Pembersih Kaca (Squeegee) BR 10 Lion Star;Pcs;16500;
Pembersih Kaca Besar (Squeegee) NGT346 L - Nagata;Pcs;25000;
Pembersih Kaca Botol 440  Merk Cling;Pcs;12500;
Pembersih Kaca Kecil (Squeegee) NGT638 S - Nagata;Pcs;19000;
Pembersih Kloset WPC 600 ml;Pcs;23000;
Pembersih Lantai 3,6/ 3,5 Liter Merk SOS;Drigen;55000;
Pembersih Lantai 3,7L Aganol Merk Yuri;Drigen;61500;
Pembersih Tangan (Hand Soap) 3,7Ltr Merk Yuri;Drigen;150500;
Pembersih Toilet Botol 450ml Merk Harpic;Pcs;33500;
Pembersih Toilet Botol 750ml Merk Harpic;Pcs;52500;
Penggaris (Besi) 100 Cm Merk Butterfly;Pcs;36000;
Penggaris (Besi) 30 Cm Merk Butterfly;Pcs;7000;
Penggaris (Besi) 40 Cm Merk Butterfly;Pcs;13000;
Penggaris (Besi) 60 Cm Merk Butterfly;Pcs;18000;
Penggaris Besi 100 Cm Merk Kenko;Pcs;47000;
Penggaris Besi 15 Cm - Joyko;Pcs;3000;
Penggaris Besi 15 Cm Merk Kenko;Pcs;4000;
Penggaris Besi 30 Cm - Joyko;Pcs;6000;
Penggaris Besi 30 Cm Merk Kenko;Pcs;7500;
Penggaris Besi 40 Cm - Joyko;Pcs;9500;
Penggaris Besi 50 Cm - Joyko;Pcs;11000;
Penggaris Besi 50cm Merk Kenko;Pcs;20000;
Penggaris Besi 60 Cm - Joyko / Kenko;Pcs;22000;
Penggaris Geometry Set - Faber Castell;Pcs;15500;
Penggaris Kayu 1 Meter;Pcs;40000;
Penggaris Plastik 100 cm Merk Butterfly;Pcs;37000;
Penggaris Plastik 15 cm Merk Butterfly;Pcs;2500;
Penggaris Plastik 20 cm Merk Butterfly;Pcs;3000;
Penggaris Plastik 30 cm Merk Butterfly;Pcs;3000;
Penggaris Plastik 60 cm Merk Butterfly;Pcs;18000;
Penghapus Besar B20 Putih Merk Joyko;Pcs;2500;
Penghapus Besar Hitam (187999/187171) - Faber Castell;Pcs;8500;
Penghapus Besar Putih (187996) - Faber Castell;Pcs;8500;
Penghapus Hitam (Sedang) Merk Stabilo;Pcs;4500;
Penghapus Kecil Hitam (187299) - Faber Castell;Pcs;2500;
Penghapus Kecil Putih (187230) - Faber Castell;Pcs;2500;
Penghapus Pensil B20 - Staedtler (Putih);Pcs;9000;
Penghapus Pensil B20 Staedtler 526 (Hitam);Pcs;9000;
Penghapus Pensil B40 Staedtler (Putih);Pcs;2500;
Penghapus Pensil Kecil Hitam Joyko/Kenko;Pcs;1000;
Penghapus Pensil Kecil Merk Pentel;Pcs;2000;
Penghapus Pensil Kecil Putih Joyko B40;Pcs;1000;
Penghapus Whiteboard Kecil WB-803 - Gunindo;Pcs;6000;
Penghapus Whiteboard Magnet ERT MM  Merk Artline;Pcs;24500;
Penghapus Whiteboard WE-1 Magnet Merk Joyko;Pcs;8500;
Penghapus Whiteboard WE-1205 Merk Joyko;Pcs;7500;
Penghapus Whiteboard WER-29 Magnet - Kenko;Pcs;6000;
Pengki Plastik + Tutup PP833 Dragon;Pcs;37000;
Pengki Plastik DP-11 Lion Star;Pcs;40000;
Pengki Plastik DP-5 Lion Star;Pcs;37000;
Pengki Plastik NGT 0406 - Nagata;Pcs;30000;
Pengki Plastik PP832 - Dragon;Pcs;22000;
Peniti;Set;2000;
Pensil 2B Merk Faber Castel (Hijau);Pcs;3800;
Pensil 2B Merk Greebel;Pcs;3000;
Pensil 2B Merk Staedtler (Biru);Pcs;3100;
Pensil 2B P-88 Merk Joyko;Pcs;800;
Pensil Case Jaring PC 1003F - Combo;Pcs;9000;
Pensil HB Faber Castel;Pcs;3900;
Pensil Kaca PG 100 (Hijau) Merk Joyko;Lusin;26500;
Pensil Kaca PG 100 (Hitam) Merk Joyko;Lusin;26500;
Pensil Kaca PG 100 (Kuning) Merk Joyko;Lusin;26500;
Pensil Kaca PG 100 (Merah) Merk Joyko;Lusin;26500;
Pensil Kaca PG 100 (Putih) Merk Joyko;Lusin;26500;
Pensil Mekanik 0,5 H 125 Merk Pilot;Pcs;10500;
Pensil Mekanik 0,5 H 165 Merk Pilot;Pcs;14500;
Pensil Mekanik 0,5 H 185 Merk Pilot;Pcs;14000;
Pensil Mekanik 2B + Reffil Pensil Mekanik 0,7 mm Faber Castell;Pcs;17000;
Pensil Mekanik HRG-10R - Pilot;Pcs;13500;
Pensil Mekanik Merk Pentel;Pcs;12500;
Pensil Mekanik MP-01 Merk Joyko;Pcs;5000;
Pensil Mekanik MP01 Merk Kenko;Pcs;4500;
Pensil Mekanik MP-19 Merk Joyko;Pcs;4500;
Pensil Warna 12w (Kecil) Luna 111A 136 - Staedtler;Set;12500;
Penyekat 5 Warna Bantex 6045;Pcs;6000;
Penyekat Abjad A - Z 6203 (6286) Pastik;Pcs;27000;
Penyekat File Bantex 6235 A4 (1 - 5);Pcs;12000;
Permen Fisherman 25 Gr;Pcs;25000;
Permen Kopiko;Pak;11000;
Permen Mentos;Pak;11000;
Pewangi Gantung Stella All In One 42 gram;Pcs;13500;
Pilox Warna;Pcs;38000;
Pita Casio Nylon 13 mm x 6 m (black & red) - Tempo;Pcs;8500;
Pita Mesin Struk IR 40 - Print Rite;Pcs;12500;
Pita Mesin Struk IR 40 T - Print Rite;Pcs;12500;
Pita Mesin Tik Adler 9009 (F715BKSC) TA Fullmark;Pcs;78000;
Pita Mesin Tik AX 10/15 (737 BKSC) - Fullmark;Pcs;60000;
Pita Printer ERC - 05 Fullmark;Pcs;32000;
Pita Printer ERC - 09/22 Fullmark;Pcs;32000;
Pita Printer ERC 05 - Epson;Pcs;33000;
Pita Printer ERC 09 Merk Epson;Pcs;33000;
Pita Printer ERC 30/34/38 - Print Rite;Pcs;20000;
Pita Printer ERC 30/34/38 Fullmark;Pcs;24500;
Pita Printer ERC 38 B - Epson Original;Pcs;40000;
Pita Tik Brother 1030 Original;Pcs;55000;
Pita X 3500 N - G1;Pcs;35000;
Plastic Pocket Bantex 2042 / 8042 @100;Pak;157000;
Plastik Bantex 2040/ 8040 A4 @100;Pak;102500;
Plastik Bantex 8843 F4 @100;Pak;102500;
Plastik Bening Kartu Stock Uk. 11,7 x 17 0,13 @100;Pak;95000;
Plastik Bubble Uk. 125 x 50 - Muliapack;Roll;170000;
Plastik Bubble Uk. 125 x 50 (3kg) Warna Hitam - Yatta;Roll;140000;
Plastik Bubble Uk. 125 x 50 (3kg) Warna Transparan  - Yatta;Roll;175000;
Plastik Cling Wrap Jumbo 37 m x 38 cm Klinpak;Pak;55000;
Plastik ID Card Klip 6,5 x 9,5 Cm;Pcs;2500;
Plastik Kartu Stock Kecil 17 x 22cm (0,13);Pak;110000;
Plastik Klip (Untuk Obat) Uk. 10 x 15cm @100;Pak;25000;
Plastik Klip (Untuk Obat) Uk. 7 x 10cm @100;Pak;12500;
Plastik Klip (Untuk Obat) Uk. 8 x 5cm @100;Pak;9500;
Plastik Klip (Untuk Obat) Uk. 8,7 x 13cm @100;Pak;16500;
Plastik Klip 10 x 15 (@100);Pak;18500;
Plastik Klip 12 x 20 (@ 100);Pak;27000;
Plastik Klip 16 x 25 (@100);Pak;47500;
Plastik Klip 20 x 30 (@100);Pak;59000;
Plastik Klip 25 x 35 (@ 100);Pak;84000;
Plastik Klip 30 x 40 (@100);Pak;115000;
Plastik Klip 35 x 45 (@100);Pak;169000;
Plastik Klip 4 x 6 (@100);Pak;5500;
Plastik Klip 5 x 8 (@ 100);Pak;7000;
Plastik Klip 6 x 10 (@100);Pak;9000;
Plastik Klip 7 x 10 (@100);Pak;10000;
Plastik Klip 8,7 x 13 (@100);Pak;15000;
Plastik Laminating A3 Merk Coral;Pak;150000;
Plastik Laminating A3 Merk Joyko;Pak;161500;
Plastik Laminating A3 Merk Toho;Pak;200000;
Plastik Laminating A4 Merk Coral;Pak;70000;
Plastik Laminating A4 Merk Joyko;Pak;78000;
Plastik Laminating A4 Merk Toho;Pak;95000;
Plastik Laminating A4 Merk V-Tec;Pak;68000;
Plastik Laminating F4 Merk Coral;Pak;72500;
Plastik Laminating F4 Merk Joyko;Pak;88500;
Plastik Laminating F4 Merk Toho;Pak;95000;
Plastik Laminating Uk. KTP Merk Toho;Pak;33000;
Plastik Mika Bening A4 Merk Asahi;Pak;47000;
Plastik Mika Bening F4 Merk Asahi;Pak;47000;
Plastik Mika Bening Uk A3 Tebal 0,10;Pak;138000;
Plastik Name Card Jingtai T017 (Potrait);Pcs;3500;
Plastik Name Tag 7 x 10 Cm;Pak;50000;
Plastik PE 10 x 20 (1kg isi 4pak) - Tomat;Kg;53000;
Plastik PE 12 x 25 (1kg isi 4pak) - Tomat;Kg;53000;
Plastik PE 15 x 30 (1kg isi 4pak) - Tomat;Kg;53000;
Plastik PE 20 x 35 (1kg isi 4pak) - Tomat;Kg;53000;
Plastik PE 20 x 40 (1kg isi 4pak) - Tomat;Kg;53000;
Plastik PE 25 x 45 (1kg isi 4pak) - Tomat;Kg;53000;
Plastik PE 30 x 45 (1kg isi 2pak) - Tomat;Kg;53000;
Plastik PE 35 x 50 (1kg isi 2pak) - Tomat;Kg;53000;
Plastik PE 40 x 60 (1kg isi 2pak) - Tomat;Kg;53000;
Plastik PE 50 x 75 (1kg isi 2pak) - Tomat;Kg;53000;
Plastik PE 60 x 100 (1kg isi 2pak) - Tomat;Kg;53000;
Plastik Pocket F4 8045 / 2045 - Bantex;Pak;175000;
Plastik PP 10 x 15 (1kg isi 4pak) - Wayang;Kg;50000;
Plastik PP 10 x 20 (1kg isi 4pak) - Wayang;Kg;50000;
Plastik PP 12 x 25 (1kg isi 4pak) - Wayang;Kg;50000;
Plastik PP 12 x 30 (1kg isi 4pak) - Wayang;Kg;50000;
Plastik PP 15 x 20 (1kg isi 4pak) - Wayang;Kg;50000;
Plastik PP 15 x 30 (1kg isi 4pak) - Wayang;Kg;50000;
Plastik PP 17 x 25 (1kg isi 2pak) - Wayang;Kg;50000;
Plastik PP 17 x 25 (1kg isi 2pak) - Wayang;Kg;50000;
Plastik PP 20 x 35 (1kg isi 2pak) - Wayang;Kg;50000;
Plastik PP 20 x 40 (1kg isi 2pak) - Wayang;Kg;50000;
Plastik PP 25 x 35 (1kg isi 2pak) - Wayang;Kg;50000;
Plastik PP 25 x 45 (1kg isi 2pak) - Wayang;Kg;50000;
Plastik PP 30 x 45 (1kg isi 2pak) - Wayang;Kg;50000;
Plastik PP 30 x 50 (1kg isi 2pak) - Wayang;Kg;50000;
Plastik PP 35 x 50 (1kg isi 2pak) - Wayang;Kg;50000;
Plastik PP 40 x 60 (1kg isi 2pak) - Wayang;Kg;50000;
Plastik PP 40 x 60 Cm - Gapura;Pak;12000;
Plastik PP 45 x 65 (1kg isi 2pak) - Wayang;Kg;50000;
Plastik PP 50 x 75 (1kg isi 2pak) - Wayang;Kg;50000;
Plastik PP 60 x 100 (1kg isi 2pak) - Wayang;Kg;50000;
Plastik PVC ID CARD 200x300 Merk Coral;Pak;44000;
Plastik Roll Buah 30 x 45 x 20 Mic;Roll;121000;
Plastik Sampah 100 x 120 Cm Merk Klinpak Extra Besar;Pak;39500;
Plastik Sampah 40 x 50 Cm Merk Klinpak Kecil;Pak;39500;
Plastik Sampah 50 x 75 Merk UP @21 Lembar;Pak;17000;
Plastik Sampah 60 x 100 merk Centong;Pak;16000;
Plastik Sampah 60 x 100 Merk UP @14 Lembar;Pak;17000;
Plastik Sampah 60 x 80 Cm Merk Klinpak Sedang;Pak;39500;
Plastik Sampah 80 x 100 Cm Merk Klinpak Besar;Pak;39500;
Plastik Sampah 90 x 120 Cm Merk Banteng;Pcs;3150;
Plastik Sampah 90 x 120 merk Centong;Pak;16000;
Plastik Sampah 90 x 120 Merk UP @5 Lembar;Pak;17000;
Plastik Wraping Bening L. 50 Cm P. 125 M T. 17 Mic;Roll;52500;
Plastik Wraping Bening L. 50 Cm P. 250 M T. 17 Mic;Roll;100000;
Plastik Wraping Bening L. 50 Cm P. 300 M T. 17 Mic;Roll;112000;
Plastik Wraping Hitam L. 50 Cm P. 125 M x 20 Mic;Roll;74000;
Plastik Wraping Hitam L. 50 Cm P. 300 M x 20 Mic;Roll;157000;
Porstek Botol 1000 Ml Yuri;Pcs;24500;
Pos It 654 (Warna) @ 4 Merk Pronto;Set;30000;
Pos It 657 Merk Pronto ;Pad;11000;
Post It (Warna) @4 MMS-2 Merk Joyko;Pad;7500;
Post It 653 (Pink) Pronto;Pad;4500;
Post It 653 (Warna) @ 5 Merk Pronto;Set;23000;
Post It 653 Kuning Merk 3M;Pad;5200;
Post It 653 Kuning Merk Pronto;Pad;3500;
Post It 653-AN Warna Merk 3M;Pak;70500;
Post It 654 (Warna) @ 5 Merk Pronto;Set;30000;
Post It 654 (Warna) @5 MMS-1 Merk Joyko;Set;18000;
Post It 654 Kuning Merk 3M;Pad;11000;
Post It 654 Kuning Merk Pronto;Pad;7000;
Post It 654 Kuning MMS-654P Merk Joyko;Pad;5500;
Post It 654-5PK / 654-5AN Warna @ 5 - 3M;Set;66000;
Post It 654-5SSNE Warna @5 - 3M;Set;57000;
Post It 655 Kuning Merk 3M;Pad;19000;
Post It 655 Kuning Merk Pronto;Pad;11000;
Post It 656 Kuning Merk 3M;Pad;10500;
Post It 656 Kuning Merk Pronto;Pad;6000;
Post It 657 Kuning Merk 3M;Pad;20000;
Post It IM 30 - Joyko (Plastik);Pad;5500;
Post It IM 31 - Joyko (Plastik, Panah);Pad;5500;
Post It IM 32 - Joyko (kertas);Pad;5500;
Post It IM 33 - Joyko (kertas, Panah);Pad;5500;
Post It IM 45 - Joyko;Pad;5500;
Post It Mark & Notes 670-5AN/670-5ASST Merk 3M;Pak;38000;
Post It Mark & Notes Merk Pronto;Pak;10500;
Post It MMS-11 Merk Joyko;Pad;7000;
Post It Sign Here 680-9 Kuning - 3M;Pad;21000;
Post It Sign Here IM 35 - Joyko;Pad;7000;
Post It Sign Here IM 37 - Joyko;Pad;13000;
Post It Sign Here IM 42 Merk Joyko;Pad;9500;
Post It Sign Here Merk Pronto;Pad;17000;
Post It Sign Here TJ 44-SH Merk Tom And Jerry;Pcs;9000;
PP. Pocket A4 @ 20 ( 5220 ) Bambi;Pack;28500;
PP. Pocket A4 @10 Lmb Merk Inter X;Pack;7000;
PP. Pocket A4 @50 Lmb Merk Daiichi;Pack;46000;
PP. Pocket F4 @ 20 ( 5221 )  Bambi;Pack;31000;
PP. Pocket F4 @10 Lmb Merk Inter X;Pack;8000;
PP. Pocket F4 @50 Lmb Merk Daiichi;Pack;49000;
Punch No. 30 Merk Joyko;Pcs;12500;
Punch No. 30 Merk Kenko;Pcs;12500;
Punch No. 40 Merk Joyko;Pcs;24000;
Punch No. 40 Merk Kenko;Pcs;24000;
Punch No. 85 Merk Joyko;Pcs;47500;
Punch No. 85 Merk Kenko;Pcs;47500;
Punch No. 85XL Merk Kenko;Pcs;52000;
Push Pin Merk Joyko / Kenko;Set;3500;
Rautan 102 Greebel;Pcs;2500;
Rautan 2 Lubang B-24 Joyko;Pcs;4000;
Rautan Pensil B-23 Merk Joyko;Pcs;2500;
Rautan Putar A3/A3P Merk Kenko;Pcs;30000;
Rautan Putar A-5 Merk Kenko;Pcs;70000;
Rautan Putar A-5A/ A-5L Merk Joyko;Pcs;70000;
Reffil Ballpoint Gel GPR 200/ 203 Biru - Joyko;Pcs;1500;
Reffil Ballpoint Gel GPR 200/ 203 Hitam - Joyko;Pcs;1500;
Reffil Ballpoint Gel GPR 263 Hitam - Joyko;Pcs;1500;
Reffil Ballpoint Gel GPR 267 Hitam - Joyko;Pcs;1500;
Reffil Ballpoint Zebra Sarasa 0,5 (Biru);Pcs;12500;
Reffil Ballpoint Zebra Sarasa 0,5 (Hitam);Pcs;12500;
Reffil Ballpoint Zebra Sarasa 0,5 (Merah);Pcs;12500;
Reffil Ballpoint Zebra Sarasa 0,7 (Biru);Pcs;12500;
Reffil Ballpoint Zebra Sarasa 0,7 (Hitam);Pcs;12500;
Reffil Ballpoint Zebra Sarasa 0,7 (Merah);Pcs;12500;
Reffil Ballpoint Zebra Sarasa 1,0 (Biru);Pcs;12500;
Reffil Ballpoint Zebra Sarasa 1,0 (Hitam);Pcs;12500;
Reffil Glade Matic 225 ml;Pcs;43500;
Reffil Hand Soap 250 Ml - Nuvo;Pcs;13500;
Reffil Lobby Duster 60 Cm;Pcs;36000;
Reffil Minyak Sunco 2 Liter;Pcs;42500;
Reffil Mr Muscle Gel Toilet 36 Ml;Pcs;24000;
Reffil Pembersih Kaca 425 / 400 Ml - Cling;Pcs;5000;
Reffil Pita Printer #7755 / #8758 Fullmark;Pcs;24500;
Reffil Rinso Cair 750/ 700 Ml;Pcs;26500;
Reffil Soklin Lantai 770 Ml;Pcs;14500;
Reffil Spidol Artline 500 W/B Hijau ESK-50;Pcs;19500;
Reffil Spidol Artline 500 W/B Hitam ESK-50;Pcs;19500;
Reffil Spidol Artline 500 W/B Merah ESK-50;Pcs;19500;
Reffil Spidol Artline 70 Biru ESK-20;Pcs;18500;
Reffil Spidol Artline 70 Hijau ESK-20;Pcs;18500;
Reffil Spidol Artline 70 Hitam ESK-20;Pcs;18500;
Reffil Spidol Artline 70 Merah ESK-20;Pcs;18500;
Reffil Staples 1006 J Merk Etona;Box;20000;
Reffil Staples 13/8 Etona;Box;25000;
Reffil Staples 23/8 Merk Etona;Box;7800;
Reffil Staples No. 23/20 Merk Etona;Box;42000;
Reffil Staples No. 23/24 Merk Etona;Box;50000;
Reffil Staples No. 3 Merk Kenko;Box;1850;
Reffil Tip Ex Kertas WH-645R-3P Merk Plus;Pcs;23500;
Reffill Balpoint KE-SERIES/ Easy Gell (Biru) Kenko;Pcs;1500;
Reffill Balpoint KE-SERIES/ Easy Gell (Hitam) Kenko;Pcs;1500;
Refill (isi) AE7 Biru - Standard;Pcs;1100;
Refill (isi) AE7 Hitam - Standard;Pcs;1100;
Refill (isi) V5 (Biru) - Snowman;Pcs;1100;
Refill (isi) V5 (Hitam) - Snowman;Pcs;1100;
Refill (isi) V5 (Merah) - Snowman;Pcs;1100;
Refill Ballpoint Snowman V1 Biru (Extra Fine);Pcs;1100;
Refill Ballpoint Snowman V1 Hitam (Extra Fine);Pcs;1100;
Refill Ballpoint Snowman V1 Merah (Extra Fine);Pcs;1100;
Refill Cutter A100 Merk Joyko;Tube;2300;
Refill Cutter A100 Merk Kenko;Tube;2850;
Refill Cutter A100 Merk SDI;Tube;2600;
Refill Cutter L150 Merk Joyko;Tube;4250;
Refill Cutter L150 Merk Kenko;Tube;5700;
Refill Cutter L150 Merk SDI;Tube;5000;
Refill Dahlia 225 ml;Pcs;37500;
Refill Gun Tacker 1008S (13/8) Merk Joyko;Box;4500;
Refill Gun Tacker T3-10MB - Max;Box;16000;
Refill K-1 (Biru) - Kenko;Pcs;2500;
Refill K-1 (Hitam) - Kenko;Pcs;2500;
Refill Karbol 750/ 700 ml Merk SOS;Pcs;14500;
Refill Lobby Duster 90cm NGT 9893N - Nagata;Pcs;79000;
Refill Mama Lemon 1500 Ml;Pcs;30000;
Refill Mama Lemon 780 / 680 Ml;Pcs;13500;
Refill Max Creamer 500 Gr;Pak;53000;
Refill Mr Muscle 400 / 440 ml;Pcs;5000;
Refill Pembersih Lantai 700 ml Merk SOS;Pcs;14500;
Refill Pembersih Lantai Sereh 675/700 ml Merk SOS;Pcs;14500;
Refill Pensil Mekanik 0,5 2B - Pilot;Tube;3000;
Refill Pensil Mekanik 0,5 2B Merk Joyko;Tube;1500;
Refill Pensil Mekanik 0,5 2B Merk Kenko;Tube;3000;
Refill Pensil Mekanik 0,5 2B Merk Pentel;Tube;8500;
Refill Pita Printer #7755 - Epson Original;Pcs;51000;
Refill Pita Printer #7755 (15mtr) - Eprint Long;Pcs;11000;
Refill Pita Printer #8758 - Epson Original;Pcs;40000;
Refill Pita Printer #8758 (10mtr) - Eprint;Pcs;10000;
Refill Pita Printer #8758 (15mtr) - Eprint Long;Pcs;11000;
Refill Pita Printer #8758 / #7755 Fullmark;Pcs;19000;
Refill Pita Printer LQ 2180 (30mtr) - Eprint Non Long;Pcs;24000;
Refill Pita Printer LQ 2180 (50mtr) - Eprint Long;Pcs;33000;
Refill Pita Printer LQ 2180 Fullmark;Pcs;47500;
Refill Pita Printer LQ2170/ 2180 (SO10074) - Epson Original;Pcs;81500;
Refill Pita Printer LQ2170/ 2180 Printech;Pcs;18000;
Refill Pledge 400 ml (Perawatan furniture);Pcs;23500;
Refill Price Labelier LB-2RL (MX 5500) @ 10 joyko;Slop;20000;
Refill Price Labelier LB-P2LN (2 Line) - Joyko;Slop;29500;
Refill Scotch 3/4 IN X 1296 IN (36 YD) 600 Merah - 3M;Pcs;25000;
Refill Scotch 3/4 IN x 1296 IN (36 YD) 810 Hijau 3M;Pcs;18000;
Refill Soklin Lantai 1.600 Ml;Pcs;29500;
Refill Spidol Permanent (Biru) Snowman;Pcs;9000;
Refill Spidol Permanent (Hijau) Snowman;Pcs;9000;
Refill Spidol Permanent (Hitam) Snowman;Pcs;9000;
Refill Spidol Permanent (Merah) Snowman;Pcs;9000;
Refill Spidol Whiteboard (Biru) Snowman;Pcs;14000;
Refill Spidol Whiteboard (Hijau) Snowman;Pcs;14000;
Refill Spidol Whiteboard (Hitam) Snowman;Pcs;14000;
Refill Spidol Whiteboard (Merah) Snowman;Pcs;14000;
Refill Spin Mop BM50 - Lion Star;Pcs;32000;
Refill Staples 1200 No. 10 Merk SDI;Box;1550;
Refill Staples No. 10 Merk Etona;Box;1500;
Refill Staples No. 10 Merk Joyko;Box;1000;
Refill Staples No. 10 Merk Kangaro;Box;1850;
Refill Staples No. 10 Merk Kenko;Box;1275;
Refill Staples No. 10 Merk Max;Box;3050;
Refill Staples No. 23/10 (1210) Merk Max;Box;20000;
Refill Staples No. 23/10 Merk Etona;Box;12500;
Refill Staples No. 23/13 (1213) Merk Max;Box;22000;
Refill Staples No. 23/13 Merk Etona;Box;17500;
Refill Staples No. 23/15 Merk Etona;Box;21000;
Refill Staples No. 23/6 Merk Etona;Box;6000;
Refill Staples No. 3 (24/6) Merk Kangaro;Box;4000;
Refill Staples No. 3 (24/6) Merk Max;Box;5800;
Refill Staples No. 3 Merk Etona;Box;3500;
Refill Staples No. 3 Merk Joyko;Box;1800;
Refill Stella 160 ml Apple;Pcs;37500;
Refill Stella 160 ml Balinese Jasmine;Pcs;37500;
Refill Stella 160 ml Coffee;Pcs;37500;
Refill Stella 160 ml Green Fantasy;Pcs;37500;
Refill Stella 160 ml Japanese Sakura;Pcs;37500;
Refill Stella 160 ml Lemon;Pcs;37500;
Refill Stella 160 ml Orange;Pcs;37500;
Refill Stella 160 ml Secret Lavender;Pcs;37500;
Refill Stella 160 ml Wild Flower;Pcs;37500;
Refill Sunlight 1500 Ml;Pcs;25500;
Refill Sunlight 610 G;Pcs;12500;
Refill Super Pell 770 ml;Pcs;16000;
Refill Wipol  720 / 750 g;Pcs;15000;
Refill Yuri Handsoap 375 ml;Pcs;22500;
Remover 1164 Merk SDI;Pcs;10000;
Remover Bantex BD6502;Pcs;9500;
Remover RZ A Merk Max;Pcs;38000;
Remover SR 100 Merk Kangaro;Pcs;19000;
Remover SR 35 Merk Kangaro;Pcs;9500;
Remover SR 52 Merk Joyko;Pcs;17500;
Remover SR-51 Merk Joyko;Pcs;6000;
Ribbon Wax 110 x 300 M - Blueprint;Roll;45500;
Rinso Anti Noda 770 gr;Pcs;25000;
Sabun Cuci Piring 18 L - Choice L;Drigen;210000;
Sabun Ekonomi (E 500 K);Pcs;2200;
Sabun Ekonomi (E 900 K);Pcs;5500;
Sabun Ekonomi 1850 Gr;Pcs;28750;
Sabun Ekonomi 2850 Gr;Pcs;50000;
Sabun Lifeboy Mild Care 90/ 100 Gr;Pcs;6500;
Salonpas Koyo;Pcs;11500;
Sampul Coklat Gulung Besar @50lbr;Gulung;66500;
Saos Sambal ABC 335 Ml;Pcs;22500;
Sapu Ijuk Besar SP120 - Dragon;Pcs;26500;
Sapu Lidi Gagang (Biasa);Pcs;8500;
Sapu Nilon NGT 0717 Merk Nagata;Pcs;34500;
Sapu Plafon NGT 317A Merk Nagata;Pcs;78000;
Sarung Tangan 8 Benang;Pak;57500;
Sarung Tangan Latex (Powder Free) - Remedi ;Pak;60000;
Seal Tape Onda;Pcs;6000;
Sendok Stainles @6 Doll;Pak;47500;
Sikat Bebek WC Orlando SK353 - Dragon;Pcs;9000;
Sikat Gagang Panjang  D 938 - Dragon;Pcs;28000;
Sikat Lantai Gagang Panjang NGT 833 - Nagata;Pcs;55500;
Sikat WC + tempat 101 Merk Lion Star;Pcs;27000;
Sikat WC BO-41 No. 131 Merk Lion Star;Pcs;10000;
Silet Merk Tiger;Pak;53500;
Smart Pocket (document bag opaque) F4 DBX 700F - Inter X;Pcs;5000;
Smart Pocket Map Kancing Bening (DCS/DPR09FC) - Daiichi;Pcs;7000;
Smart Pocket Map Kancing Bening F4 (365) - Daiichi;Pcs;4600;
Smart Pocket Map Kancing Biru F4 (365) - Daiichi;Pcs;4600;
Smart Pocket Map Kancing Hijau F4 (365) - Daiichi;Pcs;4600;
Smart Pocket Map Kancing Merah F4 (365) - Daiichi;Pcs;4600;
Spidol Artline 100 (Biru);Pcs;23000;
Spidol Artline 100 (Hijau);Pcs;23000;
Spidol Artline 100 (Hitam);Pcs;23000;
Spidol Artline 100 (Merah);Pcs;23000;
Spidol Artline 107R Permanent (Hitam);Pcs;5000;
Spidol Artline 107R Permanent (Merah);Pcs;5000;
Spidol Artline 500 Whiteboard (Biru);Pcs;9400;
Spidol Artline 500 Whiteboard (Hijau);Pcs;9400;
Spidol Artline 500 Whiteboard (Hitam);Pcs;9400;
Spidol Artline 500 Whiteboard (Merah);Pcs;9400;
Spidol Artline 70 Permanent (Biru);Pcs;8200;
Spidol Artline 70 Permanent (Hijau);Pcs;8200;
Spidol Artline 70 Permanent (Hitam);Pcs;8200;
Spidol Artline 70 Permanent (Kuning);Pcs;8200;
Spidol Artline 70 Permanent (Merah);Pcs;8200;
Spidol Artline 700 (Biru);Pcs;11000;
Spidol Artline 700 (Hijau);Pcs;11000;
Spidol Artline 700 (Hitam);Pcs;11000;
Spidol Artline 700 (Merah);Pcs;11000;
Spidol OPF (4 Warna) - Snowman;Set;29000;
Spidol OPF Seri F (Biru) Snowman;Pcs;7000;
Spidol OPF Seri F (Hijau) Snowman;Pcs;7000;
Spidol OPF Seri F (Hitam) Snowman;Pcs;7000;
Spidol OPF Seri F (Merah) Snowman;Pcs;7000;
Spidol OPM Seri M (Biru) Snowman;Pcs;7000;
Spidol OPM Seri M (Hijau) Snowman;Pcs;7000;
Spidol OPM Seri M (Hitam) Snowman;Pcs;7000;
Spidol OPM Seri M (Merah) Snowman;Pcs;7000;
Spidol Paint Marker (Biru)  Zebra;Pcs;20500;
Spidol Paint Marker (Hijau)  Zebra;Pcs;20500;
Spidol Paint Marker (Hitam) Zebra;Pcs;20500;
Spidol Paint Marker (Kuning)  Zebra;Pcs;20500;
Spidol Paint Marker (Merah)  Zebra;Pcs;20500;
Spidol Paint Marker (Pink) Zebra;Pcs;20500;
Spidol Paint Marker (Putih)  Zebra;Pcs;20500;
Spidol Paint Marker (Silver)  Zebra;Pcs;20500;
Spidol Paint Marker Kecil No. EFCP (Hitam) Snowman;Pcs;12900;
Spidol Paint Marker Kecil No. EFGP (Gold) Snowman;Pcs;12900;
Spidol Paint Marker Kecil No. EFSP (Silver) Snowman;Pcs;12900;
Spidol Paint Marker Kecil No. EFWP (Putih) Snowman;Pcs;12900;
Spidol Paint Marker Kecil No. FGP (Gold) Snowman;Pcs;12900;
Spidol Paint Marker Kecil No. FSP (Silver) Snowman;Pcs;12900;
Spidol Paint Marker Kecil No. FWP (Putih) Snowman;Pcs;12900;
Spidol Paint Marker No. CP (Biru) Snowman;Pcs;13000;
Spidol Paint Marker No. CP (Coklat) Snowman;Pcs;13000;
Spidol Paint Marker No. CP (Hijau) Snowman;Pcs;13000;
Spidol Paint Marker No. CP (Hitam) Snowman;Pcs;13000;
Spidol Paint Marker No. CP (Kuning) Snowman;Pcs;13000;
Spidol Paint Marker No. CP (Merah) Snowman;Pcs;13000;
Spidol Paint Marker No. CP (Orange) Snowman;Pcs;13000;
Spidol Paint Marker No. CP (Pink) Snowman;Pcs;13000;
Spidol Paint Marker No. CP (Ungu) Snowman;Pcs;13000;
Spidol Paint Marker No. GP (Gold) Snowman;Pcs;13000;
Spidol Paint Marker No. SP (Silver) Snowman;Pcs;13000;
Spidol Paint Marker No. WP (Putih) Snowman;Pcs;13000;
Spidol Permanent (Biru) Snowman AG12;Pcs;4500;
Spidol Permanent (Biru) Snowman G12;Pcs;5700;
Spidol Permanent (Hijau) Snowman AG12;Pcs;4500;
Spidol Permanent (Hijau) Snowman G12;Pcs;5700;
Spidol Permanent (Hitam) Snowman AG12;Pcs;4500;
Spidol Permanent (Hitam) Snowman G12;Pcs;5700;
Spidol Permanent (Merah) Snowman AG12;Pcs;4500;
Spidol Permanent (Merah) Snowman G12;Pcs;5700;
Spidol Permanent G520 (Biru) Snowman;Pcs;5000;
Spidol Permanent G520 (Hitam) Snowman;Pcs;5000;
Spidol Permanent G520 (Merah) Snowman;Pcs;5000;
Spidol Permanent Jumbo 500 (Biru) Snowman;Pcs;15500;
Spidol Permanent Jumbo 500 (Hijau) Snowman;Pcs;15500;
Spidol Permanent Jumbo 500 (Hitam) Snowman;Pcs;15500;
Spidol Permanent Jumbo 500 (Merah) Snowman;Pcs;15500;
Spidol Permanent PM 31 Joyko Hitam ;Pcs;3000;
Spidol Permanent PM-34 (Hitam) - Joyko;Pcs;1500;
Spidol Snowman Kecil (Biru);Pcs;1200;
Spidol Snowman Kecil (Hijau);Pcs;1200;
Spidol Snowman Kecil (Hitam);Pcs;1200;
Spidol Snowman Kecil (Kuning);Pcs;1200;
Spidol Snowman Kecil (Merah);Pcs;1200;
Spidol Snowman Kecil 12 Warna;Set;14500;
Spidol Whiteboard (Biru) Snowman ABG12;Pcs;5500;
Spidol Whiteboard (Biru) Snowman BG12;Pcs;6700;
Spidol Whiteboard (Hijau) Snowman ABG12;Pcs;5500;
Spidol Whiteboard (Hijau) Snowman BG12;Pcs;6700;
Spidol Whiteboard (Hitam) Snowman ABG12;Pcs;5500;
Spidol Whiteboard (Hitam) Snowman BG12;Pcs;6700;
Spidol Whiteboard (Merah) Snowman ABG12;Pcs;5500;
Spidol Whiteboard (Merah) Snowman BG12;Pcs;6700;
Spidol Whiteboard Jumbo 850 (Biru) Snowman;Pcs;15500;
Spidol Whiteboard Jumbo 850 (Hitam) Snowman;Pcs;15500;
Spidol Whiteboard Jumbo 850 (Merah) Snowman;Pcs;15500;
Spin Mop BM-45 Livina Merk Lion Star;Pcs;219000;
"Spiral Kawat 3/16"" (Putih) A4 @100";Pak;264000;
"Spiral Kawat 9/16"" (Putih) A4 @100";Pak;726000;
"Spiral Plastik 1 1/2""";Pak;240000;
"Spiral Plastik 1 1/4""";Pak;190000;
"Spiral Plastik 1 1/8""";Pak;210000;
"Spiral Plastik 1 3/4""";Pak;265000;
"Spiral Plastik 1""";Pak;170000;
"Spiral Plastik 1/4""";Pak;40000;
"Spiral Plastik 2""";Pak;285000;
"Spiral Plastik 3/4""";Pak;140000;
"Spiral Plastik 3/8""";Pak;55000;
"Spiral Plastik 5/16""";Pak;45000;
"Spiral Plastik 5/8""";Pak;115000;
"Spiral Plastik 7/16""";Pak;70000;
Spon Busa ID-T36N Basic Scoth Brite 3M;Pcs;3500;
Spon Busa LAM-Std/1-29 / ID-30 - Scotch Brite 3M;Pcs;6000;
Spon Sabut Jaring ID-T60 Merk Scoth Brite 3M;Pcs;5000;
Spon Stainless ID-T57N Basic Merk Scoth Brite 3M;Pcs;5500;
Spring File (Biru) Merk Inter X;Pcs;10000;
Spring File (Hijau) Merk Inter X;Pcs;10000;
Spring File (Hitam) Merk Inter X;Pcs;10000;
Spring File (Kuning) Merk Inter X;Pcs;10000;
Spring File (Merah) Merk Inter X;Pcs;10000;
Spring File (Orange) Merk Inter X;Pcs;10000;
Stabilo 2Warna HL-42,43,44,45 Merk Joyko;Pcs;4500;
Stabilo Bantex 3501 / 3511 Biru;Pcs;5000;
Stabilo Bantex 3501 / 3511 Hijau;Pcs;5000;
Stabilo Bantex 3501 / 3511 Kuning;Pcs;5000;
Stabilo Bantex 3501 / 3511 Orange;Pcs;5000;
Stabilo Bantex 3501 / 3511 Pink;Pcs;5000;
Stabilo Bantex 3501 / 3511 Ungu;Pcs;5000;
Stabilo Biru Merk Boss;Pcs;10500;
Stabilo Boss Swing (Biru);Pcs;11500;
Stabilo Boss Swing (Hijau);Pcs;11500;
Stabilo Boss Swing (Kuning);Pcs;11500;
Stabilo Boss Swing (Merah);Pcs;11500;
Stabilo Boss Swing (Orange);Pcs;11500;
Stabilo Boss Swing (Pink);Pcs;11500;
Stabilo Boss Swing (Ungu);Pcs;11500;
Stabilo Hijau Merk Boss;Pcs;10500;
Stabilo HL-1 (Kuning) Merk Joyko;Pcs;4500;
Stabilo HL-10 (Biru Pastel) Merk Joyko;Pcs;5000;
Stabilo HL-11 (Hijau Pastel) Merk Joyko;Pcs;5000;
Stabilo HL-2 (Hijau) Merk Joyko;Pcs;4500;
Stabilo HL-3 (Biru) Merk Joyko;Pcs;4500;
Stabilo HL-4 (Pink) Merk Joyko;Pcs;4500;
Stabilo HL-5 (Orange) Merk Joyko;Pcs;4500;
Stabilo HL-6 (Kuning Pastel) Merk Joyko;Pcs;5000;
Stabilo HL-7 (Pink Pastel) Merk Joyko;Pcs;5000;
Stabilo HL-8 (Orange Pastel) Merk Joyko;Pcs;5000;
Stabilo HL-9 (Ungu Pastel) Merk Joyko;Pcs;5000;
Stabilo Kuning Merk Boss;Pcs;10500;
Stabilo Merah Merk Boss;Pcs;10500;
Stabilo Orange Merk Boss;Pcs;10500;
Stabilo Pink Merk Boss;Pcs;10500;
Stabilo Ungu Merk Boss;Pcs;10500;
Stample Angka N-38 Merk Kenko;Pcs;10000;
Stample Angka N-8 Merk Joyko;Pcs;9500;
Stample Lunas Merk Joyko;Pcs;9500;
Stample Lunas S-71 Merk Joyko;Pcs;24000;
Stample Paid Merk Joyko;Pcs;10000;
Stample Tgl, Bln, Thn D3/ D4 - Joyko/ Kenko;Pcs;9500;
Stapler HD 10  Merk Etona;Pcs;8500;
Stapler HD 10 (HS 10 Y) Merk Kangaro;Pcs;15500;
Stapler HD 10 D Merk Joyko;Pcs;11000;
Stapler HD 10 D Merk Kenko;Pcs;11000;
Stapler HD 10 D Merk Max;Pcs;45000;
Stapler HD 10 Merk Joyko;Pcs;7500;
Stapler HD 10 Merk Kenko;Pcs;7500;
Stapler HD 10 Merk Max;Pcs;16000;
Stapler HD 12A/13 Merk Joyko;Pcs;95000;
Stapler HD 30 Merk Joyko;Pcs;23500;
Stapler HD 50 (Aries-35) Merk Kangaro;Pcs;32000;
Stapler HD 50 / HD 50 CL Merk Joyko;Pcs;19500;
Stapler HD 50 Merk Kenko;Pcs;19500;
Stapler HD 50 Merk Max;Pcs;65000;
Stapler HD-10L Merk Kenko;Pcs;18500;
Stella Botol Spray Aerosol 350ml / 400ml;Pcs;26000;
Stella Freshmat Dispenser + Refill;Pcs;73000;
Stella Pewangi Gantung Kamar Mandi (POCKET);Pcs;12500;
Steroform 40 x 60;Pcs;5500;
Sunlight 4,5 / 5 Liter;Drigen;99000;
Susu Kental Manis (Putih) 370 gram Cap Enak;Kaleng;11500;
Susu Kental Manis Putih 40 Gr - Frisian Flag;Pcs;1750;
Tali Id Card Kait 1 Cm (Biru);Pcs;2500;
Tali ID Yoyo (Biru);Pcs;2000;
Tali ID Yoyo (Hijau);Pcs;2000;
Tali ID Yoyo (Hitam);Pcs;2000;
Tali ID Yoyo (Kuning);Pcs;2000;
Tali ID Yoyo (Merah);Pcs;2000;
Tali Klam Semi Auto 15mm - Kuning 7 kg (Strapping Band) ;Roll;107000;
Tali Rapiah Besar - Swan;Pcs;21500;
Tali Tambang Plastik 8mm;Kg;23000;
Tatakan Cutter A1 1009 (90 x 60 x 0,3 Cm) Merk SDI;Pcs;288000;
Tatakan Cutter A3 1007 (45 x 30 x 0,3 Cm) Merk SDI;Pcs;68500;
Tatakan Mouse RP01/ RP05-S - Robot;Pcs;10500;
Teh Cap Botol Hijau 40 Gr;Pcs;5500;
Teh Celup Poci @25;Pak;8500;
Teh Celup Sariwangi @ 100 pcs;Pak;23500;
Teh Celup Sariwangi @ 25pcs;Pak;6500;
Teh Celup Sariwangi @ 50pcs;Pak;14500;
Teh Tong Tji  @25;Pak;14500;
Teh Tong Tji @100;Pak;57500;
Tempat CD Kertas @100;Pak;27500;
Tempat CD Mika Tipis ;Pcs;4500;
Tempat Pensil Keranjang DS-16 / DS-17 - Joyko;Pcs;12500;
Tempat Pensil Keranjang E 9172 Deli;Pcs;13500;
Tempat Sampah + Pedal 10 Liter SIP 840 S  - Shinpo;Pcs;84000;
Tempat Sampah + Pedal 50 Liter SIP 750AB - Shinpo;Pcs;136000;
Tempat Sampah 10 Liter SIP 820 M Shinpo;Pcs;27000;
Tempat Sampah 15 Liter SIP 820 L Shinpo;Pcs;38000;
Tempat Sampah SIP 750 - Shinpo;Pcs;149000;
Tempat Tissue Kotak TR-5 Lion Star;Pcs;34000;
Tempat Tissue TR 13 - Lion Star;Pcs;28500;
Tinta Blue Print Canon (Black);Pcs;42500;
Tinta Blue Print Canon (Cyan);Pcs;42500;
Tinta Blue Print Canon (Magenta);Pcs;42500;
Tinta Blue Print Canon (Yellow);Pcs;42500;
Tinta Blue Print Epson (Black);Pcs;42500;
Tinta Blue Print Epson (Cyan);Pcs;42500;
Tinta Blue Print Epson (Magenta);Pcs;42500;
Tinta Blue Print Epson (Yellow);Pcs;42500;
Tinta Botol Cair 790 (Black) Canon;Pcs;122000;
Tinta Botol Cair 790 (Cyan) Canon;Pcs;116000;
Tinta Botol Cair 790 (Magenta) Canon;Pcs;116000;
Tinta Botol Cair 790 (Yellow) Canon;Pcs;116000;
Tinta Brother BT 5000 (Cyan);Pcs;112000;
Tinta Brother BT 5000 (Magenta);Pcs;112000;
Tinta Brother BT 5000 (Yellow);Pcs;112000;
Tinta Brother BT 6000 (Black);Pcs;115500;
Tinta Brother BT D100BK Black;Pcs;112500;
Tinta Brother BT D100C Cyan;Pcs;112500;
Tinta Brother BT D100M Magenta;Pcs;112500;
Tinta Brother BT D100Y Yellow;Pcs;112500;
Tinta Brother D 60 Black;Pcs;115500;
Tinta Canon 2700 - Black;Pcs;365000;
Tinta Canon 2700 - Cyan;Pcs;255000;
Tinta Canon 2700 - Magenta;Pcs;255000;
Tinta Canon 2700 - Yellow;Pcs;255000;
Tinta Canon 40 Black;Pcs;275000;
Tinta Canon 41 Colour;Pcs;330000;
Tinta Canon 47 (Black);Pcs;136000;
Tinta Canon 57 (Colour);Pcs;242000;
Tinta Canon 71 (135ml) Black;Pcs;117000;
Tinta Canon 71 (70ml) Cyan;Pcs;117000;
Tinta Canon 71 (70ml) Magenta;Pcs;117000;
Tinta Canon 71 (70ml) Yellow;Pcs;117000;
Tinta Canon 71 Small (40ml) Cyan;Pcs;82500;
Tinta Canon 71 Small (40ml) Magenta;Pcs;82500;
Tinta Canon 71 Small (40ml) Yellow;Pcs;82500;
Tinta Canon 71 Small (70ml) Black;Pcs;90000;
Tinta Canon 750 (Black) ;Pcs;252000;
Tinta Canon 751 (Black);Pcs;226000;
Tinta Canon 751 (Cyan);Pcs;226000;
Tinta Canon 751 (Magenta);Pcs;226000;
Tinta Canon 751 (Yellow);Pcs;226000;
Tinta Canon CL 811 Colour;Pcs;302000;
Tinta Canon PG 810 Black;Pcs;244000;
Tinta Data Print DP 27 HP Hitam;Pcs;33000;
Tinta Data Print DP 28 HP Warna;Pcs;33000;
Tinta Data Print DP 40 Canon Hitam;Pcs;32500;
Tinta Epson 001 Black 127ml C13T03Y100;Pcs;193000;
Tinta Epson 001 Cyan 70ml C13T03Y200;Pcs;125000;
Tinta Epson 001 Magenta 70ml C13T03Y300;Pcs;125000;
Tinta Epson 001 Yellow 70ml C13T03Y400;Pcs;125000;
Tinta Epson 003 (Black);Pcs;90000;
Tinta Epson 003 (Cyan);Pcs;90000;
Tinta Epson 003 (Magenta);Pcs;90000;
Tinta Epson 003 (Yellow);Pcs;90000;
Tinta Epson 005 (Black);Pcs;165000;
Tinta Epson 008 (Black);Pcs;292000;
Tinta Epson 008 (Cyan);Pcs;240000;
Tinta Epson 008 (Magenta);Pcs;240000;
Tinta Epson 008 (Yellow);Pcs;240000;
Tinta Epson 057 (Black);Pcs;220000;
Tinta Epson 057 (Magenta);Pcs;220000;
Tinta Epson 057 (Yellow);Pcs;220000;
Tinta Epson 057 (Cyan);Pcs;220000;
Tinta Epson 057 (Light Cyan);Pcs;220000;
Tinta Epson 057 (Light Magenta);Pcs;220000;
Tinta Epson Botol T 6731 (Black);Pcs;153000;
Tinta Epson Botol T 6732 (Cyan);Pcs;153000;
Tinta Epson Botol T 6733 (Magenta);Pcs;153000;
Tinta Epson Botol T 6734 (Yellow);Pcs;153000;
Tinta Epson Botol T 6735 (Light Cyan);Pcs;153000;
Tinta Epson Botol T 6736 (Light Magenta);Pcs;153000;
Tinta Epson L 100 (6641) Black;Pcs;90000;
Tinta Epson L 100 (6642) Cyan;Pcs;90000;
Tinta Epson L 100 (6643) Magenta;Pcs;90000;
Tinta Epson L 100 (6644) Yellow;Pcs;90000;
Tinta Epson T 7741 (Black);Pcs;211500;
Tinta HP 678 (Black);Pcs;172000;
Tinta HP 678 (Colour);Pcs;172000;
Tinta HP 680 Black;Pcs;159000;
Tinta HP 680 Colour;Pcs;159000;
Tinta HP 682 Black;Pcs;167000;
Tinta HP 682 Colour;Pcs;167000;
Tinta HP 704 (Black);Pcs;164000;
Tinta HP 704 (Colour);Pcs;164000;
Tinta HP 802 (Black);Pcs;180000;
Tinta HP 802 (Colour);Pcs;295000;
Tinta HP 803 (Black);Pcs;177000;
Tinta HP 803 (Colour);Pcs;280000;
Tinta HP 932XL (Black);Pcs;885000;
Tinta HP 933XL (Cyan);Pcs;430000;
Tinta HP 933XL (Magenta);Pcs;430000;
Tinta HP 933XL (Yellow);Pcs;430000;
Tinta HP 938 / 4S6X5PA (Cyan);Pcs;470000;
Tinta HP 938 / 4S6X6PA (Magenta);Pcs;470000;
Tinta HP 938 / 4S6X7PA (Yellow);Pcs;470000;
Tinta HP 938 / 4S6X8PA (Black);Pcs;715000;
Tinta HP 955 XL (Black);Pcs;745000;
Tinta HP 955 XL (Cyan);Pcs;585000;
Tinta HP 955 XL (Magenta);Pcs;585000;
Tinta HP 955 XL (Yellow);Pcs;585000;
Tinta HP GT 52 (Cyan);Pcs;100000;
Tinta HP GT 52 (Magenta);Pcs;100000;
Tinta HP GT 52 (Yellow);Pcs;100000;
Tinta HP GT 53 (Black);Pcs;100000;
Tinta HP GT 53 XL (Black);Pcs;115000;
Tinta Lion Metal (Biru);Pcs;41500;
Tinta Lion Metal (Hitam);Pcs;41500;
Tinta Lion Metal (Merah);Pcs;41500;
Tinta Literan U/ Epson (Black) - Lorean;Pcs;127000;
Tinta Literan U/ Epson (Cyan) - Lorean;Pcs;127000;
Tinta Literan U/ Epson (Magenta) - Lorean;Pcs;127000;
Tinta Literan U/ Epson (Yellow) - Lorean;Pcs;127000;
Tinta Price Labelier (18mm) 2Line Mx 6600;Pcs;5000;
Tinta Price Labelier (20mm) 1Line Mx 5500;Pcs;5000;
Tinta Shiny S-61 Hitam;Pcs;69000;
Tinta Shiny S-62 Merah;Pcs;64000;
Tinta Shiny S-63 Biru;Pcs;64000;
Tinta Shiny S-65 Hijau;Pcs;64000;
Tinta Stample (Biru) Merk Joyko;Pcs;6000;
Tinta Stample (Hijau) Merk Joyko;Pcs;6000;
Tinta Stample (Hitam) Merk Joyko;Pcs;6000;
Tinta Stample (Merah) Merk Joyko;Pcs;6000;
Tinta Stample (Ungu) Merk Joyko;Pcs;6000;
Tinta Stample 801 Colop Hijau 25 Ml;Pcs;62500;
Tinta Stample Biru - Yamura;Pcs;13000;
Tinta Stample Biru Merk Artline;Pcs;23000;
Tinta Stample Biru Merk Pyramid;Pcs;7000;
Tinta Stample Hijau - Yamura;Pcs;13000;
Tinta Stample Hijau Merk Artline;Pcs;23000;
Tinta Stample Hijau Merk Pyramid;Pcs;7000;
Tinta Stample Hitam Merk Artline;Pcs;23000;
Tinta Stample Hitam Merk Pyramid;Pcs;7000;
Tinta Stample Manis Biru;Pcs;9500;
Tinta Stample Manis Hijau;Pcs;9500;
Tinta Stample Manis Hitam;Pcs;9500;
Tinta Stample Manis Merah;Pcs;9500;
Tinta Stample Manis Ungu;Pcs;9500;
Tinta Stample Merah - Yamura;Pcs;13000;
Tinta Stample Merah Merk Artline;Pcs;23000;
Tinta Stample Merah Merk Pyramid;Pcs;7000;
Tinta Stample Otomatis 10 Ml;Pcs;12500;
Tinta Stample Otomatis 10ml (Biru) - Neo;Pcs;9500;
Tinta Stample Otomatis 10ml (Hijau) - Neo;Pcs;9500;
Tinta Stample Otomatis 10ml (Hitam) - Neo;Pcs;9500;
Tinta Stample Otomatis 10ml (Merah) - Neo;Pcs;9500;
Tinta Stample Otomatis 10ml (Ungu) - Neo;Pcs;9500;
Tinta Stample Otomatis Biru - Victory / Prince;Pcs;10000;
Tinta Stample Otomatis Hijau - Victory / Prince;Pcs;10000;
Tinta Stample Otomatis Hitam - Victory / Prince;Pcs;10000;
Tinta Stample Otomatis Merah - Victory / Prince;Pcs;10000;
Tinta Stample Ungu - Yamura;Pcs;13000;
Tinta Stample Ungu Merk Artline;Pcs;23000;
Tinta Stample Ungu Merk Pyramid;Pcs;6500;
Tinta Trodat 7011 25ml (Biru);Pcs;49500;
Tinta Trodat 7011 25ml (Hijau);Pcs;49500;
Tinta Trodat 7011 25ml (Hitam);Pcs;49500;
Tinta Trodat 7011 25ml (Merah);Pcs;49500;
Tinta Trodat 7011 25ml (Ungu);Pcs;49500;
Tinta Trodat 7081 25ml Biru;Pcs;85000;
Tinta Trodat 7081 25ML Hijau;Pcs;85000;
Tinta Trodat 7081 25ml Hitam;Pcs;85000;
Tinta Trodat 7081 25ml Merah;Pcs;85000;
Tip Ex Kertas + Reffil (169451R/169463R) Merk Faber Castel;Pcs;25000;
Tip Ex Kertas + Reffil (QJR-506) 169454R - Faber Castel;Pcs;25500;
Tip Ex Kertas 169401N/ ENN 506 Merk Faber Castel;Pcs;13500;
Tip Ex Kertas CT 902 Merk Kenko;Pcs;5000;
Tip Ex Model Botol Merk Joyko;Pcs;5000;
Tip Ex Model Botol Merk Kenko KE01;Pcs;5500;
Tip Ex Model Botol ZL C1-W 18ml Merk Pentel;Pcs;29500;
Tip Ex Model Pen Merk Joyko;Pcs;5000;
Tip Ex Model Pen ZL 62-W 7ml Merk Pentel;Pcs;32500;
Tip Ex Model Stabilo CF-S225 / CF-S209 - Joyko;Pcs;5000;
Tip Ex Model Stabilo ZL 31-W 12ml Merk Pentel;Pcs;32500;
Tip Ex Roler Kertas CT-522 Merk Joyko;Pcs;5500;
Tissue 1Kg / 1000 Gr 2ply MP08 - Multi;Pcs;37000;
Tissue 250 Sheet See U;Pcs;8500;
Tissue 250s 2ply TP22 - Tessa;Pcs;9500;
Tissue 554 Gr Merk Livi;Pcs;21000;
Tissue Bathroom 6 roll x 328s 2Ply PB02 -Tessa;Pak;33000;
Tissue Hand Towel (Tisu Pengesat) THSN 01 - Tessa;Pcs;18000;
Tissue Hand Towel 150s (Premium/ Essential) Livi (Biru);Pcs;10000;
Tissue Kitchen Towel Paseo Elegant @3;Pak;34500;
Tissue Kotak @120s - Tessa;Pcs;15000;
Tissue Livi Roll Elegant 238s;Roll;3500;
Tissue Livi Smart Due Toilet  Roll  205s;Roll;2050;
Tissue Mitu Fresh & Clean 60s (Botol);Pcs;22000;
Tissue Nice 1000 gr/ 2000 Helai;Pcs;39000;
Tissue Nice 250s / 500 helai;Pcs;11000;
Tissue Nice 360 helai;Pcs;7000;
Tissue Paseo Elegant (Luxuriously Soft) 250s/ 510 helai;Pcs;19500;
Tissue Paseo Smart 250s/ 500+40ply;Pcs;11500;
Tissue Roll Jumbo Merk Livi;Pcs;19000;
Tissue Roll Nice 460+50 helai;Pcs;4750;
Tissue Toilet Paseo Elegant @12;Pak;86000;
Tissue Toilet See-U;Pak;22000;
Tolak Angin Cair Sachet;Pcs;4500;
Toner Brother TN 269 (Black);Pcs;925000;
Toner Brother TN 269 (Cyan);Pcs;925000;
Toner Brother TN 269 (Magenta);Pcs;925000;
Toner Brother TN 269 (Yellow);Pcs;925000;
Toner Canon 054 Black;Pcs;1360000;
Toner Canon 054 Cyan;Pcs;1345000;
Toner Canon 054 Magenta;Pcs;1345000;
Toner Canon 054 Yellow;Pcs;1345000;
Toner CE285/ CB435 / CRG-325 - Laser;Pcs;135000;
Toner HP (CF230A);Pcs;1440000;
Toner HP 107 A;Pcs;755000;
Toner HP 110A;Pcs;795000;
Toner HP 119A (W2090A) Black;Pcs;860000;
Toner HP 119A (W2091A) Cyan;Pcs;945000;
Toner HP 119A (W2092A) Yellow;Pcs;945000;
Toner HP 119A (W2093A) Magenta;Pcs;945000;
Toner HP 151A Black;Pcs;1950000;
Toner HP CE 285A;Pcs;1585000;
Toner HP CF500A (202A) Black;Pcs;1385000;
Toner HP CF501A (202A) Cyan;Pcs;1635000;
Toner HP CF502A (202A) Yellow;Pcs;1635000;
Toner HP CF503A (202A) Magenta;Pcs;1635000;
Toner HP W2110A / 206A Black;Pcs;1340000;
Toner HP W2111A / 206A Cyan;Pcs;1575000;
Toner HP W2112A / 206A Yellow;Pcs;1575000;
Toner HP W2113A / 206A Magenta;Pcs;1575000;
Toner Laser 107 A;Pcs;150000;
Toner Premium Eprint 285A;Pcs;195000;
Trigonal Clip No. 1 Merk Atom;Box;4500;
Trigonal Clip No. 1 Merk Joyko;Box;2000;
Trigonal Clip No. 1 Merk Kenko;Box;1900;
Trigonal Clip No. 3 Merk Joyko;Box;1700;
Trigonal Clip No. 3 Merk Kenko;Box;1800;
Trigonal Clip Warna Kecil No. 3 Joyko;Box;4500;
Trigonal Clip Warna Kecil No. 3 Kenko;Box;4500;
Trodat Finger Print 9094;Pcs;56000;
Tusukan Bon / Card Rock;Pcs;11000;
Tusukan Gigi;Box;32000;
USB 128 GB Merk Sandisk;Pcs;332000;
USB 16 GB Merk Sandisk;Pcs;95000;
USB 32 GB Merk Sandisk;Pcs;158000;
USB 64 GB Merk Sandisk;Pcs;215000;
USB 64 GB OTG Merk Sandisk;Pcs;430000;
USB HUB 3.0 4 Port 4 Switch - Mtech / Gaintech;Pcs;80000;
Vape Spray 600 Ml;Pcs;45000;
WD 40 333ml;Pcs;89000;
WD 40 382 ml;Pcs;102000;
Wet Tissue @2 50s - Paseo;Set;15000;
Whiteboard Set WBS-170 CO;Pcs;22000;
Wipol Botol 750 ml;Pcs;34500;
Yuri Handsoap 410 Ml;Pcs;33500;
Zipper Pocket A4 Bambi 5131;Pcs;32000;
Zipper Pocket F4 (Bambi 5130);Pcs;36000;
Tissu Tessa Nature Unbleached 2 Ply 150s ;Pcs;19000;
Tissu Tessa Nature Facial  3ply 120s ;Pcs;13000;
Spidol Glassboard EPG-4 (Fluorescent Pink) Merk Artline;Lusin;265000;
Spidol Glassboard EPG-4 (Gold) Merk Artline;Lusin;265000;
Spidol Glassboard EPG-4 (Hijau) Merk Artline;Lusin;265000;
Spidol Glassboard EPG-4 (Hitam) Merk Artline;Lusin;265000;
Spidol Glassboard EPG-4 (Light Blue) Merk Artline;Lusin;265000;
Spidol Glassboard EPG-4 (Putih) Merk Artline;Lusin;265000;
Buku Spiral A5 (NB-661) - Joyko;Pcs;14500;
Lap Tangan Wastafel Ring;Pcs;17000;
Refill Staples No. 23/17 (1217) Merk Max;Box;26000;
Kertas ART Karton 210 Gr Uk.A4;Lembar;800;
Kipas Angin KSB-18 Merk Miyako;Pcs;500000;
Tinta HP 712 Black Std 38ml;Pcs;465000;
Tinta HP 712 Cyan 29ml;Pcs;398000;
Tinta HP 712 Magenta 29ml;Pcs;398000;
Tinta HP 712 Yellow 29ml;Pcs;398000;
"Spiral Kawat 1/2"" (Putih) A4";Pak;626000;
"Spiral Kawat 1/2"" (Hitam) A4";Pak;626000;
"Spiral Kawat 1/4"" (Putih) A4";Pak;300000;
"Spiral Kawat 1/4"" (Hitam) A4";Pak;300000;
"Spiral Kawat 3/8"" (Putih) A4";Pak;435500;
"Spiral Kawat 3/8"" (Hitam) A4";Pak;435500;
"Spiral Kawat 5/16"" (Putih) A4";Pak;354000;
"Spiral Kawat 5/16"" (Hitam) A4";Pak;354000;
"Spiral Kawat 7/16"" (Putih) A4";Pak;558000;
"Spiral Kawat 7/16"" (Hitam) A4";Pak;558000;
Botol Pump 500 Ml;Pcs;19000;
Kabel HDMI 5 Meter;Pcs;65000;
Maintenance Box L15150 (C9345) - Epson;Pcs;592000;
Tempat Sampah New Eco 240 Liter Merk Krisbow;Pcs;875000;
Plastik Pallet Uk. 100 x 120 x 12cm ;Pcs;208000;
Gembok Uk. 60mm - ATS;Pcs;61000;
Stop Kontak 5 Lubang 5 meter;Pcs;51000;
Lemari Besi Pintu Swing Merk TOP;Pcs;1760000;
Ordner Bantex 8553-07;Pcs;55000;
Mesin Lem Tembak Besar GG-851 Merk Joyko;Pcs;58000;
Bantex 3164 (Clear Holder Landscape A3 20 Lbr;Pcs;67000;
Bantex 3185 (Clear Holder F4 40 Lbr);Pcs;72000;
Mie Instant Kuah Rasa Soto Mie - Indomie;Dus;130000;
Papan Cork Board Gantung 40 x 60 Cm Sakana;Pcs;150000;
Tinta Brother LC 3617 (Black);Pcs;132000;
Tinta Brother LC 3617 (Cyan);Pcs;132000;
Tinta Brother LC 3617 (Magenta);Pcs;132000;
Tinta Brother LC 3617 (Yellow);Pcs;132000;
Ballpoint Diamond Art GPC - 309S Merk Joyko;Set;19000;
Kertas Warna A4 (Parrot) IT 230 - Spektra;Rim;100000;
Kassa Steril Onemed 16 x 16 @10 ;Pcs;10000;
Jas Hujan PVC Jas 003 - Ghana;Pcs;95000;
Tali Rafia Custom 20kg Hitam;Roll;430000;
Ember Plastik 4 Galon PL-4 Merk Lion Star;Pcs;48500;
Kain Majun;Kg;42000;
Paper Bag 33 X 26,5 X 13,5 Folio Bag Kiky (Batik) @100;Pak;650000;
Stapler HD 12N/24 Merk Joyko;Pcs;200000;
Ballpoint PSGP Gel 147 Hitam Tempel - Joyko;Pcs;5500;
Kertas Thermal Roll EDC 57 X 31 - Otani;Roll;2100;
ID Card Bantex 8865;Pcs;13500;
